distance_normalized,displacement_normalized,variance_normalized,velocity_normalized,efficiency_normalized,amplify_normalized
0.5911586453453272,-0.032747513562857995,1.0790695466128606,-0.15023849417733554,-1.5976035294945417,0.05403648567976312
1.6585683140094525,0.22497417512290752,1.0784204291030695,-0.6154876303228677,-2.236050880327437,0.04691659879000886
0.9676715689076096,0.14314740992897437,0.95375600872982,-0.4305020619063647,-1.7871860932099957,0.06481885869449111
