distance_normalized,displacement_normalized,variance_normalized,velocity_normalized,efficiency_normalized,amplify_normalized
3.0507240966381324,-0.4595124289895742,-0.01745859886850486,-0.5862834751953225,-3.2538365051586045,1.180733752448438
