distance_normalized,displacement_normalized,variance_normalized,velocity_normalized,efficiency_normalized,amplify_normalized
4.431999285399561,0.22901704469673695,0.5560524869246255,-0.5495872007225645,-3.1175651049781137,0.21605501061382862
3.4669140196611044,1.2014209126092366,-0.0358212869708412,-0.6235604947772624,-2.35957871990775,0.1667332061927882
4.738043002003062,1.3474322221628885,-0.04677724951339673,-0.5211627305356057,-2.651238608438651,0.06665485707369852
4.098747972082621,0.8586496628924625,0.040020457809535406,-0.5758569724126357,-2.7350509463955133,0.08585015632502929
4.147578831885462,1.2717931206285467,-0.014958325658033239,-0.5708524684072023,-2.5364788266908374,0.12744824868412252
3.543708063363586,1.2231905398025162,-0.036251829190296965,-0.6135129906463735,-2.374079831650809,0.13571013366518941
3.9858956287719063,0.6250300125861886,0.5178330961936496,-0.5756738996976282,-2.829268991434271,0.05989600019636281
3.3632394313300535,0.7553546199389107,0.08664920299233718,-0.6228730547775084,-2.586808599024505,0.0893666261436222
