distance_normalized,displacement_normalized,variance_normalized,velocity_normalized,efficiency_normalized,amplify_normalized
3.289185198428824,-1.2580718063693108,-0.04708700602407882,-0.5468340118742678,-3.778267834525191,-1.0545709902199516
2.664812092863011,-1.4610622522837946,0.014795006151911864,-0.6886562981432809,-3.872773033750786,-0.9985113388279778
