distance_normalized,displacement_normalized,variance_normalized,velocity_normalized,efficiency_normalized,amplify_normalized
-0.938068448601346,-1.2615104186647579,-0.03968135619457046,-0.8586889677024425,-0.7715209260009321,5.241694211455337
-0.9663427010107648,-1.4741068279057243,-0.03792524906877882,-0.868382731447802,-2.0461167751950944,4.379508336583907
