distance_normalized,displacement_normalized,variance_normalized,velocity_normalized,efficiency_normalized,amplify_normalized
0.40297416463686825,-0.496989581262343,0.34143145546472,-0.5262727689204272,-1.1958290577747768,-14.518272203526028
