distance_normalized,displacement_normalized,variance_normalized,velocity_normalized,efficiency_normalized,amplify_normalized
-0.286014721421827,-1.168012990883148,0.4957922770279426,-0.8265909561855436,-1.49980250755718,0.01058379850301925
0.08129152299197684,-0.9585099634956996,0.16213869688257213,-0.6510598708861565,-1.4802410465656546,0.09950372603404002
-0.5237609464285876,-1.385093590420391,0.2961150826633854,-0.8317974756523717,-1.7013943468232116,0.007823564460763998
-0.4787270676118557,-1.2428199255848869,-0.025592707409555927,-0.7262880126706492,-1.4445054598452671,-0.19100263421926433
-0.3818093870742555,-1.0198465873582025,0.8046491909789709,-0.6970033257772893,-1.1327541926830278,0.050723839109300395
0.0824370979046715,-0.9277752960282709,0.15368478759883822,-0.8057711378304354,-1.4435417835667148,0.021777859171371802
-0.165361124097763,-1.047377691828181,0.10767294079702525,-0.7277038024110789,-1.4147847825254372,0.024186611819390563
