distance_normalized,displacement_normalized,variance_normalized,velocity_normalized,efficiency_normalized,amplify_normalized
0.27220197293274706,-0.95841868257961,-0.04326436289633257,8.18210900239996,-2.6486181577216548,0.23333559808595464
0.10639482608454696,-0.04954689020567227,-0.007928640174047177,3.0215403849931737,-0.8197598908762243,-0.14150070961997505
