distance_normalized,displacement_normalized,variance_normalized,velocity_normalized,efficiency_normalized,amplify_normalized
1.6935294438238,-0.6286937246395504,-0.0447285473690432,-0.6811864445330562,-3.0415847086927714,2.4812247475448266
0.9504252683182096,-0.6828867300703321,-0.048577326741886265,0.25231125997193277,-2.7730999764893745,2.1200681066447107
0.3581621041549249,-1.3702951837503312,-0.02407697726336127,-0.3952651064420891,-3.4446415959260017,1.8231564531013578
