distance_normalized,displacement_normalized,variance_normalized,velocity_normalized,efficiency_normalized,amplify_normalized
0.13982247826025318,-0.030740505697512875,-0.004675671370302153,3.0171943386879474,-0.8469393554728187,-0.1393918238897514
-0.09184327461950488,-0.4617368277980054,-0.05299706743904052,1.6307337809930302,-1.2096768864421559,0.23408970629004022
