distance_normalized,displacement_normalized,variance_normalized,velocity_normalized,efficiency_normalized,amplify_normalized
-0.2149327172158148,-0.9196315891486745,-0.04546607191458759,-0.3867430319091509,-2.022606024185369,5.639563421520746
0.3260974610806535,-1.1293529439717038,-0.034949947576952085,-0.7440548112334149,-3.0317063843221845,5.850848550211359
