distance_normalized,displacement_normalized,variance_normalized,velocity_normalized,efficiency_normalized,amplify_normalized
5.990398087586005,0.3967857221098303,-0.04756489313626078,-0.36457252470331253,-3.257835062762031,0.13837875170876285
5.09144515209783,0.9568671339212619,-0.04775449219187121,-0.4978920104974592,-2.899462409643902,0.1797645649842353
5.432423935831905,0.4787840873905806,-0.04383657152120679,-0.45987439002348046,-3.156312021487207,0.19884201237905233
5.364329985002058,0.186509081777254,-0.03898515559987547,-0.47288774476199597,-3.2689241103166116,0.056547884056973564
