distance_normalized,displacement_normalized,variance_normalized,velocity_normalized,efficiency_normalized,amplify_normalized
2.0625542123732212,-1.535667768198123,-0.04141854680131263,-0.5996274733165423,-3.8972318243181454,-0.5077590057983341
2.1667336787111693,-1.3316184594555034,-0.025993274408317484,-0.5622259086571716,-3.7403255959477453,0.07176276226979747
2.664812092863011,-1.4610622522837946,0.014795006151911864,-0.6886562981432809,-3.872773033750786,-0.9985113388279778
