distance_normalized,displacement_normalized,variance_normalized,velocity_normalized,efficiency_normalized,amplify_normalized
5.98367240257695,2.8877916663764687,0.5566085896056581,-0.3632788640641474,-1.327528317676648,0.059314878089306106
