distance_normalized,displacement_normalized,variance_normalized,velocity_normalized,efficiency_normalized,amplify_normalized
0.5100830805297603,-1.7726394926235547,-0.050836414164592496,33.03767016426836,-3.9966301751408286,-0.18664279262965885
