distance_normalized,displacement_normalized,variance_normalized,velocity_normalized,efficiency_normalized,amplify_normalized
3.925488557051154,-0.6059725981383188,-0.042701531249855464,-0.5823873975744914,-3.4113229699174163,-9.796055341428195
1.6959842058324208,-0.5123623664520928,-0.04780803063920399,-0.4763885894630624,-2.8917187321196223,-6.233349332865358
0.722050278757908,-0.2166482506717751,0.05348222724376085,0.12599691361266763,-1.9838518350513723,-5.1841207331635575
0.20984626503203493,0.23121027587983806,-0.05226721492891689,-0.5031999908246851,-0.5485623916069222,-5.648317858661387
