distance_normalized,displacement_normalized,variance_normalized,velocity_normalized,efficiency_normalized,amplify_normalized
0.7209473841905363,-0.18940334577730591,0.8220062527758865,-0.16742023991058647,-1.1278614992587095,0.06002210052061821
0.055508662637159256,-0.4749613324985717,1.2456003973912502,-0.12368328546442102,-0.8618906908850282,-0.008014520535454652
0.8175449407932811,0.06854917139019015,0.8305993907912256,-0.13394505078019858,-0.9810692878234762,0.05172302853476799
