distance_normalized,displacement_normalized,variance_normalized,velocity_normalized,efficiency_normalized,amplify_normalized
-0.9506650049553589,-1.0833769228427188,2.6180143148617296,-0.7883257029888603,0.5483106479971762,0.01898116176919965
