distance_normalized,displacement_normalized,variance_normalized,velocity_normalized,efficiency_normalized,amplify_normalized
1.7788877315427907,-0.4931026679688436,-0.044658805465787016,-0.4737330704336358,-2.948648218300004,-6.285340135445114
