distance_normalized,displacement_normalized,variance_normalized,velocity_normalized,efficiency_normalized,amplify_normalized
0.8151560381709311,0.28840777513095595,-0.014122374195810831,-0.6407119195652596,-0.8052453849250369,-0.41911854201196186
0.8991017468165032,-0.017359028916583096,0.02667536191846658,-0.7229312178469811,-1.0986698439348246,-0.769289976094951
0.34420138282692103,-0.12415284124550904,-0.06637724064799451,-0.710395674890941,-0.7720742238556773,-1.081099367722768
