distance_normalized,displacement_normalized,variance_normalized,velocity_normalized,efficiency_normalized,amplify_normalized
1.2638295140826155,-0.4428386016720294,4.620363900132018,-0.13683978848929734,-1.559293871430116,0.022213095324452845
1.8216230093914985,-1.182321688499459,4.040619839903061,-0.13765294893956395,-2.101784784593394,0.030711402951205793
