distance_normalized,displacement_normalized,variance_normalized,velocity_normalized,efficiency_normalized,amplify_normalized
1.710040937526134,-0.4406733288977063,-0.05746042342618277,-0.44546819006368654,-1.6797344388046576,-6.14737779044355
2.770547851598551,-0.0512768291145411,0.049400689570338864,-0.5008792468026791,-1.7019896281041258,-5.993849505667264
