distance_normalized,displacement_normalized,variance_normalized,velocity_normalized,efficiency_normalized,amplify_normalized
0.9386005825616772,-1.445323531353063,-0.03948689848769985,-0.7735559344613191,-3.6969399172258184,0.941157102641393
0.3454983844954717,-1.417916249181979,0.05007915049912569,-0.8151396031468581,-3.518238387832543,0.10443574168050464
-0.08818167512827131,-1.5799147752251306,-0.0335434581066789,-0.586551466825256,-3.6835719477218736,0.19077390656594173
0.12081623152218411,-1.3864359223958054,0.05427238027902946,-0.7855580443029295,-3.37322290647543,-0.013149740624977068
0.48633898262375813,-1.2020917550348087,0.145411851742301,-0.7684307723551382,-3.2332700044821863,0.044774655665325805
