distance_normalized,displacement_normalized,variance_normalized,velocity_normalized,efficiency_normalized,amplify_normalized
1.7603337630508982,-0.8441391894099617,1.2101090092095947,-0.6488848150652446,-1.9115842190499335,-0.0925781196194736
1.2766546810438375,-0.7854337217728115,1.8748791187710794,-0.6398431329638024,-1.7858869240825999,0.5116118043982747
