distance_normalized,displacement_normalized,variance_normalized,velocity_normalized,efficiency_normalized,amplify_normalized
-0.7785915285024716,-1.023554153001595,18.26371416547704,-0.7214805824981371,-0.4504544297419126,-0.04836337866882748
