distance_normalized,displacement_normalized,variance_normalized,velocity_normalized,efficiency_normalized,amplify_normalized
1.7355489258026668,-0.6878124095660475,0.16477584063269565,-0.5443812633815351,-1.8216981857202297,-0.05374212995331393
1.8069260411203876,-0.30788472496406083,-0.026268913745979512,-0.6831535806483989,-1.6301085640454744,0.02908908553322467
1.3781458085631881,-0.2727886953105295,0.06514386744126238,-0.685645394853866,-1.488122523598888,-0.1861884624770731
2.208928597386601,-0.38783502820513627,0.1932337324636613,-0.6882159406543901,-1.7539255553322175,0.12230789132849608
1.9134333149736573,-0.21531132779849874,0.2606946319984796,-0.5887325893685825,-1.606796852023242,0.09717301438591903
1.7740611114438434,-0.2471746012906769,0.22443478638033038,-0.6356863890657664,-1.5890902453323494,-0.06060551362899153
1.3379628189362096,-0.4573637294153178,0.3347647605718958,-0.5613652094650105,-1.5915880196944945,0.03372393628473967
1.606519627198897,-0.24385759084976846,0.11302154643005473,-0.5973149834264193,-1.5415995153870947,0.19123103306677747
