distance_normalized,displacement_normalized,variance_normalized,velocity_normalized,efficiency_normalized,amplify_normalized
-1.228856500111991,-1.630593020906011,-0.05167358195887957,-0.8558367859825535,-1.3270892320598227,0.24136484019502719
-0.8923202968737891,-1.3245259323477825,-0.04385850212673729,-0.7833108613224548,-1.4718674126375424,-0.9574134549992558
-1.3485923125739085,-1.7452256046553123,-0.048285842120270296,-0.960776496215809,-0.6830499644922085,0.18165619029775032
-0.6496644407262885,-1.1068966831761233,-0.03707790284115214,-0.6643683697883566,-1.5033311307113062,-0.2068282032913279
-0.871560469739902,-1.245655719394608,0.09889353586542263,-0.7754134793859493,-1.130310296895401,0.02982274941722798
-0.6145704142890195,-1.0296893422008835,-0.0338684849680058,-0.7794788018641124,-1.3342379072542327,0.018009139330320174
