distance_normalized,displacement_normalized,variance_normalized,velocity_normalized,efficiency_normalized
0.5454101604926317,-1.6837348346310845,-0.06405367120286914,33.13351830563821,-2.3671981462446987
