distance_normalized,displacement_normalized,variance_normalized,velocity_normalized,efficiency_normalized,amplify_normalized
-0.4461313864819058,-0.36434400871362665,-0.07548451744509169,0.73974207015788,0.26770568483636326,0.22842209203880584
-0.24149150760980093,0.020648992654393895,-0.0755994909863587,0.5800993164789877,0.3626831777143359,-0.18146009926444592
-0.25850460209509796,-0.007439027706588821,-0.07559695138834449,0.3357175750050418,0.3626051800598044,0.22845961126492564
-0.1641857400737255,0.14802791167726426,-0.07557281650341643,0.6959903112417546,0.3626354442459598,0.22817410419939327
-0.28061077107048343,-0.04389882369372615,-0.07559452985363453,0.45936594098593675,0.3625608430781983,0.22829477627564654
-0.3626464998980501,-0.17911326917362674,-0.07559347695402842,0.46995427469089385,0.36253582110543175,0.22839507541861742
-0.47850700300063076,-0.37004373749284963,-0.07559513433105754,0.5561337040270452,0.3625648026021787,0.21717841935883458
