distance_normalized,displacement_normalized,variance_normalized,velocity_normalized,efficiency_normalized,amplify_normalized
0.1489624673227329,0.01582000168212278,0.029363025557634752,3.05923742196884,-0.390584511304975,-0.1369211506893675
