distance_normalized,displacement_normalized,variance_normalized,velocity_normalized,efficiency_normalized,amplify_normalized
1.595446322160732,0.26828885802718216,2.3813081932237394,-0.5877822354021437,-1.242640213799556,0.04527997424236905
2.605476108244002,0.4357828575206728,2.668408810940668,-0.46685834056535364,-1.4652595711622116,0.047041632803210366
0.5788240435166015,0.013838469066108977,2.3827177530861867,-0.12069682589692941,-0.8510282400405306,0.05224289831225801
0.937422468777161,0.18750073213371454,2.1105991758534306,-0.40206655478377173,-0.9673147308060582,0.06278756647304139
1.2766546810438375,-0.7854337217728115,1.8748791187710794,-0.6398431329638024,-1.7858869240825999,0.5116118043982747
0.8306419703646567,-0.47023097508536693,1.583954617908417,-0.4694029290936373,-1.4135592249106819,-0.03602953054430098
2.3588831452777104,0.5217213166031891,1.6179921564629358,-0.6763993395769113,-1.3644315550259543,0.17941453656524617
