distance_normalized,displacement_normalized,variance_normalized,velocity_normalized,efficiency_normalized,amplify_normalized
-0.3536410879752705,-0.4139980382412511,-0.053007508005130204,0.9632954590499164,-0.330405891907941,0.2340424886914629
-0.09184327461950488,-0.4617368277980054,-0.05299706743904052,1.6307337809930302,-1.2096768864421559,0.23408970629004022
