distance_normalized,displacement_normalized,variance_normalized,velocity_normalized,efficiency_normalized,amplify_normalized
1.9776798141281786,2.0988338946496317,-0.04693103236565984,-0.6251598182691316,-0.8371280722049708,-0.025586192579082248
1.6288893752019475,1.7149008474009209,-0.04888245876086334,-0.46721433067053586,-0.819081692293844,0.16698913920468422
1.443289162183731,1.4881061558361535,-0.03946630818509086,-0.22714425826699738,-0.8301625587575574,0.1285354756703314
