distance_normalized,displacement_normalized,variance_normalized,velocity_normalized,efficiency_normalized,amplify_normalized
-0.9653814152545852,-1.110996985433763,2.1544986918342146,-0.576834094891732,0.6864092134312574,-0.030996062867204542
-0.594932539236564,-0.5540308897914163,1.5989489431448394,-0.7225639385697233,0.3816791112338818,-0.7720757145325453
