distance_normalized,displacement_normalized,variance_normalized,velocity_normalized,efficiency_normalized,amplify_normalized
-0.9629434824653101,-1.6250723820517363,-0.07542931450226795,0.3522441356487085,-2.025449813894288,-0.17786601827255882
-1.0822873109314746,-1.555352874112965,0.09553842275441513,0.35979183259320097,-1.231184303790472,-0.13062957317753987
