distance_normalized,displacement_normalized,variance_normalized,velocity_normalized,efficiency_normalized,amplify_normalized
-0.3342781549478489,-1.5405920852562724,-0.06410275340643434,-0.6771466147778634,-2.109116186659766,-1.4364496705822374
-0.26142705925348725,-0.35305650843916353,-0.05654605730859003,-0.40330593122519104,-0.19279079426898826,-2.1653847129897947
-0.321437699009844,-1.37372369646642,-0.06705093138120369,-0.7494124450162711,-1.8237127057851152,-1.9945225886060018
