distance_normalized,displacement_normalized,variance_normalized,velocity_normalized,efficiency_normalized,amplify_normalized
1.4995646374458909,0.027610393183414704,-0.04604198901633136,-0.35664544435141865,-2.306563076887559,4.9571467601817405
0.2870470202610927,-1.149236441643775,-0.038124364176366866,-0.7472525000383119,-2.9736011966564195,5.796010594740763
-0.18194548472466163,-0.6829435311341935,-0.05020138695399419,-0.7089879271538251,-1.486837243437582,6.708545165937838
1.1855268064188322,0.53907972430455,0.010931346565674816,-0.7431478267416687,-1.5547400920562244,9.684669437913525
-0.9663802923524334,-1.494328332807423,-0.0410919456986348,-0.8718297780749293,-2.001962764432511,4.337621848148191
-0.9389595101350608,-1.2815234875584374,-0.042843496279958475,-0.8621165720690334,-0.7454090212097361,5.192218334900604
-0.23765193471999838,-0.9393094696038242,-0.04861320248601962,-0.38922407969732464,-1.9787848118242968,5.586585302649363
2.1936573324145683,0.10987072769771106,-0.022705930332881076,-0.6629317293696239,-2.5777408324586943,6.302194897163137
