distance_normalized,displacement_normalized,variance_normalized,velocity_normalized,efficiency_normalized,amplify_normalized
-1.2774202635021037,-1.6815902197151245,-0.0755994909863587,-0.961143028034166,3.099928204751935,-0.11317262482446103
-1.1794312858990001,-1.4419135091236184,-0.07558009032231125,-0.514301152230093,1.731090525944148,0.4331271600425723
