distance_normalized,displacement_normalized,variance_normalized,velocity_normalized,efficiency_normalized,amplify_normalized
8.379713073949148,-0.47406068610425717,-0.02168146333725052,0.0767915287047981,-3.710787598876551,0.11806565419657956
