distance_normalized,displacement_normalized,variance_normalized,velocity_normalized,efficiency_normalized,amplify_normalized
-1.3564669649630354,-1.7493440440062094,-0.05301204159167219,-0.9977801771264329,2.612390778099678,-0.18493479877504226
-1.254933829729585,-1.5072151284820732,-0.05300310737676563,-0.5422954265564321,2.612040189655983,0.4435068912719703
-1.317774793597008,-1.6616759306277837,-0.04962781244495837,-0.840156699181502,2.3137739131043227,-0.378497003403731
