distance_normalized,displacement_normalized,variance_normalized,velocity_normalized,efficiency_normalized,amplify_normalized
-0.19020377398649274,-1.1076070261106745,0.03138688867158452,-0.7548591175375835,-2.5166992037388627,0.025347735900111704
-0.6860055781142645,-1.2862643780918166,-0.04333222523000854,-0.80067197686737,-2.1103134498598486,0.07905237270517658
-0.5665081730142679,-1.4496647138060557,0.11816652615047998,-0.8585435627550617,-2.9839604963210005,0.00861582195192883
-0.5192245371189984,-1.3055619309153281,-0.029983378749588414,-0.7534488937534658,-2.5651530023233797,-0.19469244783711467
-0.3168848619856432,-1.2297932531174438,0.2101200264033474,-0.8533575119066041,-2.655304111038649,0.011438279007735842
-0.4174651408874818,-1.0797219725080545,0.35235196433434646,-0.7242793350342998,-2.0569030406891495,0.05248318284386548
