distance_normalized,displacement_normalized,variance_normalized,velocity_normalized,efficiency_normalized,amplify_normalized
3.1006811872804816,-0.5399798540634011,2.0652659654383615e-05,-0.6516758339638027,-3.313723182864029,2.1943546937533007
2.7869455193156054,-0.12352727530025717,0.02439683249418135,-0.6710760289844468,-2.9738613240067404,2.7628008161780993
