distance_normalized,displacement_normalized,variance_normalized,velocity_normalized,efficiency_normalized,amplify_normalized
2.573127492283716,3.2246644604230323,-0.04769880602961453,-0.30432199826019357,-0.5249510596101328,0.1289499753958796
