distance_normalized,displacement_normalized,variance_normalized,velocity_normalized,efficiency_normalized,amplify_normalized
0.32637447983173695,-1.0688475855195925,-0.036377620722690206,-0.7168568530189497,-1.7306808046879494,5.721260240544624
-0.9045713333544565,-1.4092254571305871,-0.042838493366394906,-0.8416754781697195,-1.1261380939332948,4.282356737287461
-0.1889134633282271,-0.8617882550445846,-0.05921340399960159,-0.35813481400692027,-1.1117170275830872,5.514633038322283
-0.8776423708808484,-1.1993275657309674,-0.04665188320927635,-0.8319434544927713,-0.344324220640817,5.12553512955933
