distance_normalized,displacement_normalized,variance_normalized,velocity_normalized,efficiency_normalized,amplify_normalized
0.6867519565609401,0.9056618520650849,-0.04228189159240596,-0.39728107354905795,-0.42734638367419236,0.2462557993393824
0.5568552407992624,0.5811749351590934,-0.04718184383410014,-0.36883222143971117,-0.6547348707753005,0.19646337608446546
0.5318237397949525,0.6018298234933456,0.08939874659937205,-0.6420980380715925,-0.5787936383777083,0.14221253231934072
0.9895660684228288,1.2321686073591267,-0.04492420139516697,-0.28734977710578624,-0.5082045159504865,0.20225231319304865
1.110432018128458,0.9674764610769531,0.004819254010294572,-0.4817919625490795,-0.98354877050355,0.11855872376971567
