distance_normalized,displacement_normalized,variance_normalized,velocity_normalized,efficiency_normalized,amplify_normalized
5.01583915161761,2.44473197676138,0.2580918754897918,-0.4974452852287197,-2.2305654054788375,0.0314608412310053
4.788927047743503,2.0779826068874288,0.18529468983446445,-0.5206207211910925,-2.329656115938364,0.049498671208797536
4.657747563589425,2.11290095219,0.7960602460874223,-0.5283318548829113,-2.2751927711176374,0.04712002442985781
6.266016965211006,2.8781541920265683,0.23812659386234034,-0.3918668589367377,-2.3744444654809542,0.06126788668224669
