distance_normalized,displacement_normalized,variance_normalized,velocity_normalized,efficiency_normalized,amplify_normalized
-0.36755939142573396,-1.6071623495566896,-0.047717670016956336,-0.7045006875938656,-3.6486718584933446,-1.4682151714915521
-0.35407746494605663,-1.4381486446738376,-0.049075337751677724,-0.7764824160038247,-3.1833768509534783,-2.0388685367561927
