distance_normalized,displacement_normalized,variance_normalized,velocity_normalized,efficiency_normalized,amplify_normalized
1.5171443547724854,0.09192330219928746,-0.05361548439982655,-0.3254930631414936,-1.31565704715833,4.893604299614681
