distance_normalized,displacement_normalized,variance_normalized,velocity_normalized,efficiency_normalized,amplify_normalized
0.911944984264826,0.13929343079739492,-0.02664596279815494,0.14978598180417013,-1.7356983218952013,-15.997012335900745
