distance_normalized,displacement_normalized,variance_normalized,velocity_normalized,efficiency_normalized,amplify_normalized
3.0029216749498455,-1.000813591072825,0.1037158126399316,-0.6045755877106113,-3.5929204565997668,0.05017764174283056
2.998851283416846,-1.4920512380905517,-0.0005460900282461418,-0.520552194619948,-3.908709193069823,0.9167835409250855
2.4933263222888917,-1.2141575331335686,-0.04164510435906305,-0.6650329352691563,-3.6836923941175646,0.14039212663415074
2.0625542123732212,-1.535667768198123,-0.04141854680131263,-0.5996274733165423,-3.8972318243181454,-0.5077590057983341
2.1667336787111693,-1.3316184594555034,-0.025993274408317484,-0.5622259086571716,-3.7403255959477453,0.07176276226979747
2.2425576370335634,-1.0476138164573299,-0.04819717880634814,-0.05158980661563728,-3.526297335842076,0.1234724738990566
2.5279135794448653,-0.817666752956057,0.014986999972818401,-0.5780644847185619,-3.401070808852936,-0.04576205421813278
