distance_normalized,displacement_normalized,variance_normalized,velocity_normalized,efficiency_normalized,amplify_normalized
3.8120393204662664,0.6632667272463902,1.163991772164798,-0.5478113655428534,-1.6065093958974743,0.057973235787732134
4.236917349236485,0.2722804108562267,1.2469852491993612,-0.5216217060104273,-1.7833449797630427,0.21068961305638034
3.300369768478289,-0.13180954974958314,0.7260249292501553,-0.599011389249112,-1.808975780851673,0.08337149914997447
2.3588831452777104,0.5217213166031891,1.6179921564629358,-0.6763993395769113,-1.3644315550259543,0.17941453656524617
