distance_normalized,displacement_normalized,variance_normalized,velocity_normalized,efficiency_normalized,amplify_normalized
2.8719585801882666,-1.426942096248118,0.038330419012091686,-0.49247210279400166,-2.2686183503255437,0.8959700993494101
3.645880653877201,-1.2935135864763163,-0.02072303161780145,-0.5654125791136594,-2.24027987327585,0.09322607033649233
2.8758353023472765,-0.9419398017443467,0.2647353317847632,-0.576827124481766,-2.0749192924179867,0.04846912525287446
3.4599093625324904,-1.3664516296072597,-0.014811936736559962,-0.5836839758101638,-2.260565623646926,0.17376146329348596
