distance_normalized,displacement_normalized,variance_normalized,velocity_normalized,efficiency_normalized,amplify_normalized
-0.889639582635275,-1.023455144864679,5.724539138470214,-0.7613024758009015,0.46523642214139765,0.017960393208719633
