distance_normalized,displacement_normalized,variance_normalized,velocity_normalized,efficiency_normalized,amplify_normalized
1.6287440001743823,-0.5745433081200249,-0.057611868096951645,-0.6537403536559601,-1.7367399888934296,2.425922119960048
2.9689434136023407,-0.4869554958972568,0.03956110179779756,-0.6241132688284946,-1.903664771127932,2.145376314471234
1.7386741596057171,0.5182841223640506,-0.06865632358766131,-0.6706218884150997,-1.1588197975754018,1.9414879226901847
0.8780835774547487,-0.07182757383218565,-0.05372798871512804,-0.4490803599192299,-1.1281539563109613,2.7861059581291996
2.670135299883866,-0.07578901165414509,0.09249402099390464,-0.6435900337092878,-1.6951996985124926,2.7012906498467624
