distance_normalized,displacement_normalized,variance_normalized,velocity_normalized,efficiency_normalized,amplify_normalized
3.3908910551558087,1.25383471392807,-0.03920465903262559,-0.5857998020986416,-1.3273046579281405,0.13211599436547225
3.0813938378416035,1.1493296266452664,-0.04367621833226486,-0.6079252754909044,-1.2927876251577743,0.09341496881239054
2.791769873984079,1.864499128769349,-0.023491913171654614,-0.5518057736657204,-0.9241836842915109,0.12202166634898157
2.4000456398971544,1.5389645322910483,-0.05663874345514955,-0.4770643566720734,-0.9167123587089948,0.11897786279393215
3.9660296310220033,1.301820374967154,0.007034222922078724,-0.5429709047365266,-1.4269172428987582,0.12403624834027796
3.8116711548759166,2.0256932179681586,-0.06249746095585964,-0.5559002597718444,-1.1621026300820307,0.1461571103822818
3.3071577666330696,2.1064106591501424,-0.05907555106788185,-0.5989657252096925,-0.9995461852550803,0.002461905339639741
2.9912451101385678,1.256507858995917,0.006935847919195478,-0.6199314897577374,-1.2282891746379934,0.18375243935679045
