distance_normalized,displacement_normalized,variance_normalized,velocity_normalized,efficiency_normalized,amplify_normalized
1.3904101600398253,1.5153877166472562,-0.046184906062474045,-0.1979061262961346,-0.38029392983972743,0.12509950665728867
1.8993744857478727,2.1183633974401994,-0.0623945683046115,-0.5974925981233309,-0.38456644889055913,-0.025624443057356637
1.5354122656669458,2.263877232899898,-0.048871872795960086,-0.06934520480336463,-0.041535902627676945,0.22610548954990795
1.0733903707437926,1.0013664520353882,0.049981273427315585,-0.453558889500736,-0.4743782377327833,0.11534269913720384
1.223052978259261,1.1395690991830387,-0.06476926402523654,-0.11511181653050787,-0.4962903713696235,0.09195099240365735
0.958275227226306,1.2626988215379025,-0.05803673117334449,-0.2583492679089611,-0.18281073181754576,0.19719120562537962
1.1733721511442317,1.2560921462295218,-0.05632441266803917,0.2215492939559928,-0.37940043187652606,0.10787872862235628
1.2218889511332074,0.8853626646067664,-0.06957023387628901,-0.264243597691348,-0.664128550481018,0.08291756497972103
1.567179508317846,1.7393036694614712,-0.06663209429907223,-0.4389237217452048,-0.3734971282222503,0.1627054326424412
