distance_normalized,displacement_normalized,variance_normalized,velocity_normalized,efficiency_normalized,amplify_normalized
-0.5189934787419721,-0.42156503879732754,-0.0530100353049472,0.5239311821943188,0.38092449054308114,0.22269009186120114
-0.3536410879752705,-0.4139980382412511,-0.053007508005130204,0.9632954590499164,-0.330405891907941,0.2340424886914629
-0.35990109091004546,-0.1685924586860539,-0.05301123402959961,1.424337902628904,0.38104116088359435,0.23034458660630316
-0.4533082503721712,-0.31710765196305285,-0.05301037096554476,0.9328088323880042,0.38101286090449926,-0.1850769754008929
-0.4850004738403493,-0.41579203238916307,-0.05295909503666067,0.7068177207011693,0.22627510161199332,0.23418722681532286
-0.616306419671532,-0.6259106769505692,0.13133743752849875,1.5196809337913664,0.19387099208614023,0.2542054420820313
-0.34495183533393853,-0.14482018805612465,-0.05301106823293722,1.3141981192838315,0.38105433583477305,-0.18497139523086897
-0.34368514277391854,-0.14847421306656208,-0.013807396352428739,1.3170876041172264,0.3654176215844863,0.25617876114733235
