distance_normalized,displacement_normalized,variance_normalized,velocity_normalized,efficiency_normalized,amplify_normalized
4.077785271173098,-0.5866212112210982,-0.03953902185171139,-0.5795197079761919,-3.4757131435312583,-9.879685355111764
