distance_normalized,displacement_normalized,variance_normalized,velocity_normalized,efficiency_normalized,amplify_normalized
-0.20485688366910623,-1.738039523554476,-0.05248690831234578,2.3682631220919825,-4.027281082540164,0.33876662181716766
