distance_normalized,displacement_normalized,variance_normalized,velocity_normalized,efficiency_normalized,amplify_normalized
-0.49704272534558275,-0.7333204297556472,-0.02949168621956446,-0.8048476431038759,-0.7451693772757437,-0.048307940533144106
-0.33070426562370003,-0.32511940592905225,0.014485224332431355,-0.5182532043313705,-0.1717958192155184,0.07010411650258132
-0.19749724305800073,-0.37741556532504605,-0.011447693312690854,-0.8673583205716989,-0.7455199802375034,0.00392908348053395
-0.1506432262871941,-0.2549136042242482,0.0346287968742149,-0.23546140364957735,-0.5905860547211687,0.13401185874973257
-0.7543297108769041,-0.9435973523202377,-0.04855218510914079,-0.7087989088898592,-0.3031899639031638,0.004134342317610933
-0.3605259264552657,-0.6045154468405936,0.09167087268940914,-0.7501186746859122,-0.839043125363321,0.0037925921676282997
-0.37956298712742426,-0.49724781484699343,-0.03336649941346713,-0.7710679982228441,-0.4694068500751593,0.6866065468219303
-0.5657650866905475,-0.7320577195340937,-0.04445558857519349,-0.8014707831861776,-0.4524301514554315,0.5735239875036426
-0.0569233376841121,-0.3365249175488028,-0.048879363005654625,-0.7731192920922073,-1.0170900950547177,0.07202811652589794
