distance_normalized,displacement_normalized,variance_normalized,velocity_normalized,efficiency_normalized,amplify_normalized
-0.3342781549478489,-1.5405920852562724,-0.06410275340643434,-0.6771466147778634,-2.109116186659766,-1.4364496705822374
1.5041006169506443,-0.8228813866559854,-0.06191581626896119,-0.22109058766074355,-1.8563038572554835,-2.3908593079299614
-0.321437699009844,-1.37372369646642,-0.06705093138120369,-0.7494124450162711,-1.8237127057851152,-1.9945225886060018
1.4887002678798307,-0.7435383932173468,-0.07330840501244498,0.08827112539044471,-1.805836860605567,-1.552878677653966
1.5998937449186261,-0.9293294507187444,-0.006268981472327855,-0.2835623947193399,-1.9349156365707594,-1.25794901825113
1.2795160921296977,-1.1798195213085063,-0.053997303736400964,0.014046508530367758,-2.0423991347324497,-1.179896848634435
