distance_normalized,displacement_normalized,variance_normalized,velocity_normalized,efficiency_normalized,amplify_normalized
-1.1529368340793449,-1.622112908076224,0.0257988123193978,0.32836119817242776,-2.217374241494171,-0.13295841749429022
