distance_normalized,displacement_normalized,variance_normalized,velocity_normalized,efficiency_normalized,amplify_normalized
1.8960441079675863,-1.2442859081596565,1.8425513275167538,-0.1671279568696507,-3.636719429709729,0.032019613170566695
1.3103849280362387,-0.4952957782177308,2.109529716102948,-0.16631799323273255,-2.7522932385607906,0.023329731096672145
