distance_normalized,displacement_normalized,variance_normalized,velocity_normalized,efficiency_normalized,amplify_normalized
7.9967987752431124,-0.4218730497409861,-0.007565082872927,0.10722925277656004,-2.1472168501854845,0.11486049962307114
