distance_normalized,displacement_normalized,variance_normalized,velocity_normalized,efficiency_normalized,amplify_normalized
1.5763546159414656,0.04634120443044656,-0.042888169600948045,-0.35422960699077327,-2.355090661916959,5.004535044002422
2.292050904162038,0.12852096739702085,-0.01949140368458544,-0.659902819687807,-2.6301620971890114,6.361528107634646
