distance_normalized,displacement_normalized,variance_normalized,velocity_normalized,efficiency_normalized,amplify_normalized
1.3268551603215688,-1.2417515722662846,-0.043064001520932586,-0.016024882131359774,-3.539902648375713,-1.2058789668767647
1.6632379166260158,-0.9880411171359285,-0.021084594672068142,-0.3124637824447296,-3.364671656327933,-1.2856906399027561
1.5464895480560408,-0.7998614673524118,-0.051956971805900955,0.057907932236498136,-3.154233753286592,-1.5872687979158204
1.5626592522267118,-0.8802245209829481,-0.046710561892948484,-0.2502375735416278,-3.236510400770967,-2.444139739417444
