distance_normalized,displacement_normalized,variance_normalized,velocity_normalized,efficiency_normalized
-0.7201507528402716,-0.9448821403653417,39.80948575268533,-0.6910350068078124,-0.16080672857603356
