distance_normalized,displacement_normalized,variance_normalized,velocity_normalized,efficiency_normalized,amplify_normalized
-1.2620763889427498,-1.7493440440062094,-0.05301204159167219,-0.053310484159354986,-3.7695441680479145,-0.18493479877504226
-1.0276309470491343,-1.6927287534427233,-0.05293367348647786,0.3208431738200225,-3.5122700689025432,-0.1812596976425291
-1.1529368340793449,-1.622112908076224,0.0257988123193978,0.32836119817242776,-2.217374241494171,-0.13295841749429022
