distance_normalized,displacement_normalized,variance_normalized,velocity_normalized,efficiency_normalized,amplify_normalized
-0.26142705925348725,-0.35305650843916353,-0.05654605730859003,-0.40330593122519104,-0.19279079426898826,-2.1653847129897947
