distance_normalized,displacement_normalized,variance_normalized,velocity_normalized,efficiency_normalized
0.1489624673227329,0.01582000168212278,0.029363025557634752,3.05923742196884,-0.390584511304975
-0.1793170383002306,-1.6698080158195203,-0.07445916310764819,2.4077449644962696,-2.341348187182477
-0.07168062079092377,-0.4097056200011075,-0.07556697458646901,1.6673046980976725,-0.6130811044446622
