distance_normalized,displacement_normalized,variance_normalized,velocity_normalized,efficiency_normalized,amplify_normalized
-0.10506616648723528,0.24545608680616035,2.715923092179267,0.1375739647025804,0.36262460593056817,0.2463204125380875
-0.3003232706017343,-0.07641773870925092,2.219824016503616,-0.054868010219120494,0.3625077462940989,-0.18005010640797142
