distance_normalized,displacement_normalized,variance_normalized,velocity_normalized,efficiency_normalized,amplify_normalized
2.914656590738879,1.8417058616135433,-0.029015940359336426,-0.5796526044286219,-1.7168692892534145,0.1253882526588614
2.7464399571541493,1.4312977514676695,-0.040018766076732215,-0.6860448836917152,-1.9004776473817973,0.14610673778154876
2.503362992616976,1.5119860829463478,-0.0442804129825361,-0.5052050216462292,-1.7046887423217656,0.12227583367955613
1.9776798141281786,2.0988338946496317,-0.04693103236565984,-0.6251598182691316,-0.8371280722049708,-0.025586192579082248
