distance_normalized,displacement_normalized,variance_normalized,velocity_normalized,efficiency_normalized,amplify_normalized
3.615013835304371,-0.3762512914952212,-0.03690853123012882,-0.5713529355859582,-1.928253360951871,-0.011634844074129198
3.625842209177118,-0.8170256608938339,-0.03154774752822454,-0.5668059736196056,-2.0784403890077647,0.48074935277893427
3.4992231211087437,-0.43839675934075845,-0.03004548674056816,-0.583250347626338,-1.9390349168750947,0.017460686171447425
4.423036038618858,-0.05990055634961954,-0.06387390740716813,-0.49874825428110114,-1.8993644270151646,0.37982387689173097
4.24236294886941,-0.681305841385513,0.12408689385074623,-0.5121456130352536,-2.070683714770408,0.17629610216893768
3.724634920161945,-0.6319554730538662,0.1529616498141587,-0.39342870336097474,-2.0228755833378065,0.08969924834607206
3.8701218357281486,-0.5279427906647913,-0.06176910538430356,-0.5468014625005952,-1.999270974240271,0.2094279800598669
4.107514832650612,-0.6451155622309669,0.012994401392383788,-0.5288028596012606,-2.0519232156430647,0.10716510314366537
3.667406698444737,-0.41958375871010195,-0.024888694120765782,-0.5618936035824276,-1.9475240597466428,0.13955494737439267
