distance_normalized,displacement_normalized,variance_normalized,velocity_normalized,efficiency_normalized,amplify_normalized
-0.1793170383002306,-1.6698080158195203,-0.07445916310764819,2.4077449644962696,-2.341348187182477,0.3306959621083771
