distance_normalized,displacement_normalized,variance_normalized,velocity_normalized,efficiency_normalized,amplify_normalized
0.34481494250824474,-0.17251288654058333,-0.048765095907567065,-0.7376190342184085,-1.4688843231153845,-1.1048543280866219
-0.29106887419976063,-0.4043594162172903,-0.04423773001301511,-0.43173656593281307,-0.5244750716541563,-2.2135823476702803
