distance_normalized,displacement_normalized,variance_normalized,velocity_normalized,efficiency_normalized,amplify_normalized
2.9689434136023407,-0.4869554958972568,0.03956110179779756,-0.6241132688284946,-1.903664771127932,2.145376314471234
2.670135299883866,-0.07578901165414509,0.09249402099390464,-0.6435900337092878,-1.6951996985124926,2.7012906498467624
