distance_normalized,displacement_normalized,variance_normalized,velocity_normalized,efficiency_normalized,amplify_normalized
1.6288893752019475,1.7149008474009209,-0.04888245876086334,-0.46721433067053586,-0.819081692293844,0.16698913920468422
1.2154085874320704,1.2254769944123889,-0.04413566026701433,0.19066213849154845,-0.8287058836663828,0.11092649551607295
1.443289162183731,1.4881061558361535,-0.03946630818509086,-0.22714425826699738,-0.8301625587575574,0.1285354756703314
1.2675713191799316,1.107455887908108,-0.04802460534099075,-0.14467544140322972,-1.0192722534636125,0.09463970577821113
