distance_normalized,displacement_normalized,variance_normalized,velocity_normalized,efficiency_normalized,amplify_normalized
0.1489624673227329,0.01582000168212278,0.029363025557634752,3.05923742196884,-0.390584511304975,-0.1369211506893675
-0.326984236643226,-0.12028217596481108,-0.0755977373638377,1.4600942040286613,0.3626363660635478,0.22466416548497126
-0.5711897907377733,-0.5717955860692745,0.32471574086513777,1.5558135408186964,0.24782959439168012,0.24799899193553918
-0.41594708013414655,-0.2669122438053085,-0.07559586321866048,0.966625137198686,0.36261900737194025,-0.18159914150846465
-0.21073781867839747,0.07133548743211242,-0.0755994909863587,1.0681805359604752,0.3626831777143359,-0.18146009926444592
-0.3210220848708568,-0.36257278600024967,-0.07558964629487197,0.9972320903180091,-0.07375229496741875,0.22828054476676907
-0.07168062079092377,-0.4097056200011075,-0.07556697458646901,1.6673046980976725,-0.6130811044446622,0.22832672142080132
-0.3127462671794161,-0.09681165030156882,-0.07559737733608138,1.3495197143417925,0.36264444733857937,-0.181495888926149
-0.31153984389647854,-0.10041929422909615,0.009533468019036175,1.3524206035682547,0.35305317168731054,0.249928807820273
