distance_normalized,displacement_normalized,variance_normalized,velocity_normalized,efficiency_normalized,amplify_normalized
2.553812986208138,-1.3963464582471086,0.07164363748998485,-0.6612396897350805,-2.2465757648846494,-0.977100783048832
3.1484783971921204,-1.1959326002528015,-0.06273326538979296,-0.5188576507102804,-2.1886079973765784,-1.0319245607395238
