distance_normalized,displacement_normalized,variance_normalized,velocity_normalized,efficiency_normalized,amplify_normalized
1.595446322160732,0.26828885802718216,2.3813081932237394,-0.5877822354021437,-1.242640213799556,0.04527997424236905
2.605476108244002,0.4357828575206728,2.668408810940668,-0.46685834056535364,-1.4652595711622116,0.047041632803210366
2.3588831452777104,0.5217213166031891,1.6179921564629358,-0.6763993395769113,-1.3644315550259543,0.17941453656524617
