distance_normalized,displacement_normalized,variance_normalized,velocity_normalized,efficiency_normalized,amplify_normalized
3.0973919843310194,0.32139608279889187,-0.04165034987338483,-0.6150667833889721,-2.770883674211504,0.6198249814704505
2.847981095707307,0.4474415214086792,-0.04931731921429531,-0.38683383949903677,-2.6091733581044863,0.022255697982088277
2.460144143624478,0.4816648465684362,0.7269051666682674,-0.7037563501886913,-2.4346080347831536,0.18407491075201315
2.5416599153110697,0.22817869829523,-0.04351056293371588,-0.6158112561444579,-2.65130879611016,0.06845410202562517
2.3938219940047687,0.3909680450658116,-0.04799869189623288,-0.5919584603153331,-2.4733166415931507,0.3356715440751775
2.7167660924974664,0.06255718801712283,-0.029751080135496686,-0.47708632673817536,-2.8267174018311096,0.14880692600963585
2.310240812289958,0.16072013763086315,-0.0014723027253367332,-0.6220166111650436,-2.612735616151989,-0.12005410717221011
3.193556829443888,0.3283767634942635,0.0010196845121387655,-0.6449620721204671,-2.794252174748646,0.2705516756570839
