distance_normalized,displacement_normalized,variance_normalized,velocity_normalized,efficiency_normalized,amplify_normalized
0.7437066409896763,-0.3803442202021719,-0.028206609895451967,0.17875071885462068,-2.214488150543757,1.202895009090621
0.8925292302454596,-0.7023324986402365,-0.05171638458770632,0.25111192900356594,-2.718655403455258,2.098070332854531
1.6132024939025043,-0.648086360732971,-0.047877591584203814,-0.6842580416364228,-2.983339691782131,2.4560478936984347
0.8488323110271326,-0.13840832954362342,-0.04609366403697883,-0.47999377489004463,-2.005202716424935,2.8211092443041887
2.9778787705869405,-0.5592855123705796,-0.003244501624671054,-0.6546882432228657,-3.2516260027810437,2.1717030125424173
0.3181437786080784,-1.3904149085477897,-0.02727960579358886,-0.39776324649676864,-3.3806912449861026,1.8037722430930427
1.7251403735680102,0.4598760426874921,-0.052950485579363445,-0.7011069345547182,-2.0544897384978893,1.9650536191249648
2.6736133456160256,-0.1424246307891684,0.021068429706536385,-0.674127348171166,-2.9165749423246856,2.7351453899818603
