distance_normalized,displacement_normalized,variance_normalized,velocity_normalized,efficiency_normalized,amplify_normalized
1.2572291432938627,0.19035314376063286,-0.047724648974428435,-0.13969065347390028,-1.9809336412054988,25.62218957738764
