distance_normalized,displacement_normalized,variance_normalized,velocity_normalized,efficiency_normalized,amplify_normalized
0.3650456909124189,-0.5694585635103213,0.1354093510457284,-0.5570369259970421,-2.1139720859287245,-14.717600141428639
0.8552104897386739,0.12065375274997624,-0.029841925620661788,0.14838102140000656,-1.6959383334679738,-15.8595345730702
