distance_normalized,displacement_normalized,variance_normalized,velocity_normalized,efficiency_normalized,amplify_normalized
1.4523795022442232,-0.5508270052117128,-0.060216182463102806,-0.48371342676407125,-1.6811664639182904,0.6910298259801907
1.449458341134153,-0.7782316386740421,-0.06182342615722093,-0.009662101987546037,-1.8187676465810139,0.42730299776389924
1.282869781907667,-0.8134817169407307,-0.0698136825665846,-0.09450613922498245,-1.8054862780345549,0.15303907470856068
1.202481396394632,-0.3890267344833597,-0.007673632052203459,-0.6902556680480578,-1.5031578722126837,0.10493666721567461
0.9855143406527872,-0.36505019605686256,0.1986283227877244,-0.19583025165269505,-1.402150770565539,0.049066518300654546
1.2645612322099762,-0.32720367395281147,-0.03298156100154207,-0.252080083308296,-1.4840703458861675,0.18777940590692824
1.048982925192591,-0.7908003244244007,0.03458430850841978,-0.3242642218087156,-1.732179607457077,0.31757727896289
