distance_normalized,displacement_normalized,variance_normalized,velocity_normalized,efficiency_normalized,amplify_normalized
1.2087391130845524,0.5964058669279777,0.07042406178291069,-0.7127442276216481,-0.8478810821655707,9.557963482726466
