distance_normalized,displacement_normalized,variance_normalized,velocity_normalized,efficiency_normalized
-0.12007089131686703,0.2206519946768005,5.50055439116564,0.13200788547811731,0.36251772575680064
-0.11947897067262021,0.22158730872671817,4.423813683231063,0.20720363645809114,0.3624602262477402
0.04910998421732947,0.4995194612252359,5.876912093149674,0.2838354710710014,0.3625801139016544
-0.889639582635275,-1.023455144864679,5.724539138470214,-0.7613024758009015,0.46523642214139765
