distance_normalized,displacement_normalized,variance_normalized,velocity_normalized,efficiency_normalized,amplify_normalized
0.7403820404695524,-0.23860227349021593,0.360345078377294,-0.19677822238389883,-2.0489264532390536,0.06199105178735166
0.8418053203376827,0.022666567939306766,0.36430231105567273,-0.16343463573297093,-1.809610230054836,0.05350489665538508
0.8057544013124658,-0.09816997781322168,-0.023184676229366975,-0.29257084877747164,-1.9283377210317927,0.1263651444434369
0.6126627581476747,-0.07271560342783442,0.0544035330246023,-0.05238309361405723,-1.6815024530504272,0.6092007610913122
0.5911586453453272,-0.032747513562857995,1.0790695466128606,-0.15023849417733554,-1.5976035294945417,0.05403648567976312
0.9676715689076096,0.14314740992897437,0.95375600872982,-0.4305020619063647,-1.7871860932099957,0.06481885869449111
1.0382780547104777,0.12174570396104016,-0.044030372900750236,-0.12346761413202506,-1.8797353272708202,0.22379717457052767
0.6130518532585185,0.005894099793723065,0.0672464572625947,0.007010256391755606,-1.5702090301387186,0.07408224412496202
0.6857542862518319,0.06536922130825526,-0.034463888913064344,-0.3478375544191496,-1.5778486682527975,0.1392533119124138
