distance_normalized,displacement_normalized,variance_normalized,velocity_normalized,efficiency_normalized,amplify_normalized
-0.13420616542656666,-0.6089243230767729,-0.06267112116939032,-0.6785181490859645,-0.8056326790451626,6.621602617984519
-0.5787945629367308,-1.3260023106331789,0.19688273338629822,-0.7333875471460286,-1.508748358465411,7.562628530783035
