distance_normalized,displacement_normalized,variance_normalized,velocity_normalized,efficiency_normalized,amplify_normalized
0.3117956935938051,-0.8806364326094835,-0.04756817332227783,8.229803756156933,-1.5284799439652705,0.2329070433132295
