distance_normalized,displacement_normalized,variance_normalized,velocity_normalized,efficiency_normalized,amplify_normalized
-1.2212009171041456,-1.5589045724682842,37.243898508479255,-0.9295087044635308,0.6400025003379803,0.046148345459583816
