distance_normalized,displacement_normalized,variance_normalized,velocity_normalized,efficiency_normalized,amplify_normalized
-0.5695363845531384,-0.9704490286687294,-0.034029222684869624,-0.7524206571930484,-0.6894845653565455,0.01700979967529067
-0.6029606359636623,-1.0466763653821454,-0.040998479479782565,-0.6368559003191995,-0.7932032680826413,-0.2028708485696954
-0.4617814994406837,-0.8191108718954068,-0.043177487410061194,-0.7798912391712529,-0.6042714327176137,-0.0655029354294631
-0.7431300190444194,-1.0327767163411723,0.27598847889172506,-0.7758268345845483,-0.3377807374973345,-0.05209300903652837
-0.8340709178404874,-1.2615432141266976,-0.05572256325835241,-0.7562678412548546,-0.7739039966226064,-0.9369089304304562
-0.8142988440203921,-1.1836741125166774,0.2542637489289133,-0.7483392894548618,-0.56439908431821,0.028562970575348668
-0.4576006672319834,-0.6778419709072546,-0.02452499617925795,-0.7778896257059553,-0.3281606607256327,-0.04784527439766295
-0.5213575017047571,-0.8392361689461475,-0.06007920193352591,-0.7152818879373107,-0.5093747922183172,-0.2519783404501496
