distance_normalized,displacement_normalized,variance_normalized,velocity_normalized,efficiency_normalized,amplify_normalized
0.720957077470868,0.44420266575713085,0.3997601317142502,0.8446143078050606,-1.35031374322466,14.195407887674582
