distance_normalized,displacement_normalized,variance_normalized,velocity_normalized,efficiency_normalized,amplify_normalized
4.79499630508479,-0.659606940395542,-0.19817197255267427,1.3509885023527917,-3.459790248387638,-3.9015958840586022
