distance_normalized,displacement_normalized,variance_normalized,velocity_normalized,efficiency_normalized,amplify_normalized
0.8000528124261035,-0.7975280947657083,-0.13755893491046378,10.812337169445952,-3.3105500544095983,-1.1467027812343284
3.057372778128852,0.9058188501793899,-0.1918191445136802,10.324918731226266,-2.305290360602119,0.1781625585070172
