distance_normalized,displacement_normalized,variance_normalized,velocity_normalized,efficiency_normalized,amplify_normalized
-0.04945447086841075,0.20015207689484468,-0.06417099892957123,-0.03468044310284068,0.4084725381215955,-7.424984437523614
-0.10367194557967246,-0.38221570192362053,-0.06652138231283246,-0.44841061133759685,-1.4641321462796495,-10.103062640482728
-0.5512982776133112,-0.7319760189328716,-0.16219035556929465,-0.5350274369970272,-0.40239369889822896,-10.019816490708099
0.6465634190098539,0.0632220978957707,-0.17151497628928952,0.4761614677970955,-1.8961939019368137,-8.433967273640148
-0.09395368115798412,-0.7490340984329211,-0.20169465405737516,-0.36215091999112814,-2.885420916994124,-9.366015800245568
