distance_normalized,displacement_normalized,variance_normalized,velocity_normalized,efficiency_normalized,amplify_normalized
0.2508815833032303,-0.21433121848434242,-0.01612314341092572,6.063808328149471,-1.7442405635908043,-0.3479625380925002
0.7184658250371623,1.0068587646058569,-0.19499549924094475,4.505692905636589,-0.2169265178483775,-0.1456307576897373
0.1209180522542719,0.07545249955316762,-0.194565484376689,4.672525587305737,-0.6621556131970614,0.33044952927647125
0.4769390189039451,0.7220241937996271,-0.19581282585302756,4.204978276285275,-0.15922819351554418,0.3175239107798823
0.878302389487835,-0.07847141689666742,-0.19434997461677034,4.495069721730527,-2.21143555748849,0.26347732477400015
0.24396473588306114,0.17146002747068442,-0.17941721251140882,5.396614121579031,-0.7674413590407895,-0.17119464764957892
