distance_normalized,displacement_normalized,variance_normalized,velocity_normalized,efficiency_normalized,amplify_normalized
-0.6608201369618655,-0.726904435188784,-0.19846826813266574,-0.5532068330210929,7.883107714075533,-0.4093671525000618
-0.6680448811403378,-0.754376260680597,-0.16567159900160924,-0.36870413789857204,8.437389425151675,0.7849981019953408
