distance_normalized,displacement_normalized,variance_normalized,velocity_normalized,efficiency_normalized,amplify_normalized
24.932496924380647,-0.0850853448275773,2.328780763903837,2.358227475616727,-3.5163708149440973,0.04985610293030026
