distance_normalized,displacement_normalized,variance_normalized,velocity_normalized,efficiency_normalized,amplify_normalized
-0.47556844104469986,-0.5530284546991626,-0.11502425566633212,-0.48409495456214174,0.3317361395037182,11.573460545013214
-0.656309183653187,-0.8807103900123834,-0.19689230330745125,-0.5743746561446476,-0.5665433138545549,12.057633221085988
0.720957077470868,0.44420266575713085,0.3997601317142502,0.8446143078050606,-1.35031374322466,14.195407887674582
