distance_normalized,displacement_normalized,variance_normalized,velocity_normalized,efficiency_normalized,amplify_normalized
4.68074803543743,1.2562492465512576,0.6880706609660715,1.1942539778818397,-2.50577545203349,0.10718305732305647
4.529464399866553,1.9633671517308804,-0.1585931211303101,0.3718151891223423,-2.136006277832454,-0.6858629913736973
4.889764806584182,1.8639606677768208,0.05383807355807432,0.18860608320647396,-2.269528243488589,0.019792914465787046
