distance_normalized,displacement_normalized,variance_normalized,velocity_normalized,efficiency_normalized,amplify_normalized
2.2200527393119627,3.872160310106959,-0.19837649668018004,3.020872997248119,0.1891679965570716,0.32397985525260503
2.1767394317901885,3.8979689365016124,-0.19910086837608637,2.1360561745492235,0.2662987403863699,0.3939337848878265
2.1393638279327676,4.036313704170899,-0.17514675189097487,2.1131233697694154,0.4281193598021103,0.2984030915442005
2.467395229704079,3.7911120056876926,-0.150490703817474,2.0110055165712435,-0.16308187213128722,0.272331446775014
3.002442483300705,5.391500400276941,-0.19872776924913813,2.4403160133191935,0.3316116102310121,0.3083952276132317
2.5917500152468564,4.7762841261557565,-0.11177965636188913,4.045898317262532,0.3918044955935758,0.057204333785734945
