distance_normalized,displacement_normalized,variance_normalized,velocity_normalized,efficiency_normalized,amplify_normalized
3.202153854858687,0.10204032748326013,-0.18939943576140086,0.7102221180230219,-2.866053993569009,0.1634969156051543
3.6095519614506175,0.46721671441897106,0.5796379562588556,1.0919291154900537,-2.715080665211218,0.07454889620020544
4.317380026703935,0.4658485726656933,0.08704914540613569,0.02136836174835219,-2.829140407845437,0.2177026055208326
3.3734853787009875,-0.07056928982005731,0.7070961923272637,0.7723596324730607,-2.9997772489935337,0.0758487947929882
2.216403211060932,0.43496751297816827,0.5311870785176863,-0.06481161435218617,-2.3629145885991636,0.13414024532461616
2.922088553601049,0.13372941073585892,-0.19436626135105095,-0.09758854356948023,-2.7938171858784226,-1.101279954119199
