distance_normalized,displacement_normalized,variance_normalized,velocity_normalized,efficiency_normalized,amplify_normalized
-0.5559515917176527,-0.6900153134163082,2.451743880573063,-0.2412715583142011,0.3380164719148644,1.373997725926439
-0.3635571693839696,-0.35339699042406114,3.183830917683505,-0.254525912829241,0.3866729910795948,1.5053118867427138
0.1763706071260229,0.04211350351640819,3.443695736835327,0.030260748820194968,-1.0170773827026662,1.1995232127823463
-0.6048014840123824,-0.7688906720973251,4.079286043581728,-0.542435131314351,0.4475799993168738,-0.17983110328406338
