distance_normalized,displacement_normalized,variance_normalized,velocity_normalized,efficiency_normalized,amplify_normalized
1.4831924697347023,1.0905236694538472,0.026014985334639064,0.1816714316949265,-1.4507036553708066,-1.0931014576375555
1.5016467611600195,1.198750025193887,0.04167606867007688,-0.07350020210893675,-1.35626808325205,-1.3673724690294886
1.4473750971596517,1.322182579264091,-0.09288823986023621,0.26376059083308423,-1.1689943146319153,-1.0899534484089939
1.7162399639236399,0.7714586121308775,-0.17176917627867755,0.8946795939155499,-1.9570697996133295,-0.6367787671187536
2.5240272494951883,0.10700108993995573,-0.19693426183973492,-0.11233214784202808,-2.8334869892201366,-1.429454463780096
1.3694543294942545,0.027781626768515123,0.2666568446714081,-0.08320270284766822,-2.5063678668818103,-1.534526028220463
2.167084439142056,0.7395347697376661,-0.16780351715890193,-0.16861502348754243,-2.2370166200428643,-2.567228038695076
0.909538696883284,0.3565821069783062,-0.18378453401575465,-0.1045838303771553,-1.7348597522324247,-0.7940355515207378
