distance_normalized,displacement_normalized,variance_normalized,velocity_normalized,efficiency_normalized,amplify_normalized
2.578458441641381,2.9869406651829506,-0.18050258189958768,5.9805430163647175,-0.838994640642857,-0.1320535813577899
1.4727131696703462,1.632268733029802,-0.1991547420963275,6.144265896289842,-0.8711942907362946,0.10483965139032536
0.5305729788013345,1.4169378446953502,0.20799245335673885,5.7112460905232,0.7953403272548909,-0.26737331977701523
1.441386420004917,1.921247512654651,0.9811322192403205,5.2486759693653395,-0.5235778360466558,-0.012135413495880916
1.1151301228384807,1.9299464031641853,-0.1992857684025773,5.303959491493374,0.03512723860528747,0.3922623907815442
1.7980271652298603,3.3568751383843503,-0.19926069118046605,6.924929497113364,0.35349298087229225,-0.2441127900966245
