distance_normalized,displacement_normalized,variance_normalized,velocity_normalized,efficiency_normalized,amplify_normalized
-0.36518644440857806,-0.24832738741285024,3.436004406342478,0.3535287475782575,0.7106561755366863,-0.17795313391539172
-0.07992115196658309,0.24861605226498984,4.008091513944551,1.0250050406135571,0.7968430006390784,-0.9026689315511773
0.48683825717287393,1.036858728147381,3.8554270948057283,-0.02319265095140396,0.45051700146217244,-0.3989841081509972
-0.10928567758439761,0.09703873114335441,4.27653830436857,0.1310703663839074,0.4076427861498132,-0.11958188977655487
-0.6644634283510911,-0.7562933260550933,4.13810524747501,-0.5511693834490343,0.45644404166432334,-0.12333595112625777
