distance_normalized,displacement_normalized,variance_normalized,velocity_normalized,efficiency_normalized,amplify_normalized
-0.2885042126948232,-0.22432287946186252,-0.12639819395382834,-0.03602671724035846,0.3796772860707783,-21.05814966933415
-0.17273257196375547,-0.5197069395320164,-0.17717979165200576,-0.4857103349486678,-1.7818672531807034,-21.968193129210327
