distance_normalized,displacement_normalized,variance_normalized,velocity_normalized,efficiency_normalized,amplify_normalized
0.549076737088613,0.5293105611295461,2.4636251629439747,8.000115790082459,-0.7136162590486163,0.9238490972529242
