distance_normalized,displacement_normalized,variance_normalized,velocity_normalized,efficiency_normalized,amplify_normalized
-0.5971737116027164,-0.5668377529294225,17.54921271172296,-0.4133524312967615,1.6490177753248392,0.1563267895639822
