distance_normalized,displacement_normalized,variance_normalized,velocity_normalized,efficiency_normalized,amplify_normalized
1.7725427896829633,-0.8143873516836803,-0.18119376931248446,19.587307778067963,-3.4798470588907184,-0.6373980378499213
1.1336559500657337,-0.8709219147478993,-0.20361776871825715,15.729828307313513,-3.5111076703551967,-0.16832589732556516
