distance_normalized,displacement_normalized,variance_normalized,velocity_normalized,efficiency_normalized,amplify_normalized
1.1029993760811019,0.8598300254908635,-0.18933467975798574,2.2607412070359643,-1.2951651613571487,0.3452717157010762
1.7507638841802484,0.7476372916015358,-0.19364955742093162,3.7627332615937537,-2.0020611208285626,0.26512104140690923
1.019009931199676,1.021045422170656,-0.19371862459701772,3.029414264683225,-0.9698827017920943,-0.23027707188018662
0.5621040236085401,0.6779013205719349,-0.1967905287891276,2.633032903939938,-0.6486566363515245,-0.20221729553137494
0.7266017779608773,0.8796716721432234,0.17176320715398546,2.3218220023243537,-0.6628684914887258,-0.18157823814396112
2.163607386330539,1.3693644961209346,-0.1393899626732784,2.4190785725387047,-1.7330133933934886,0.22835493896648684
0.6687160934924293,0.6770761321562535,-0.19615993690991526,2.738551804237132,-0.877521681758021,0.6363627260106705
2.0324573153454084,1.9826673271298327,0.3755965107350175,2.7475037366058617,-1.1319551859287273,0.09070624896418601
2.360027359831087,1.6162068771026097,-0.10664314478287361,3.4660161094312056,-1.6670085077367538,0.09028291500486842
