distance_normalized,displacement_normalized,variance_normalized,velocity_normalized,efficiency_normalized,amplify_normalized
0.1876911821712242,0.14413265412198617,-0.18217930590647913,5.097484383891244,-0.7879053062878817,-0.2409852644583244
0.7410733406710179,-0.10183060518164723,-0.1969181865663724,4.242604940106596,-2.245585586265747,0.3144414769819135
0.6016354521265455,0.9662676868867851,-0.19755532993821467,4.252678256019116,-0.23217272183291038,-0.20831955560260101
0.080347973084088,0.04964944676065701,-0.1971308982274885,4.410875489715413,-0.6816216691069651,0.4000190059550213
1.5861798052779956,0.9979395078140076,-0.1992993969245453,4.908498461890119,-1.6388275529579275,-0.22398385563957215
0.3909328010163275,0.6859554613675398,-0.19836204468466595,3.967528955417884,-0.17392753659729643,0.3835025645506419
0.19372528708937836,-0.2355333479135043,-0.021005386442761793,5.730143865005122,-1.7739625491087172,-0.4668604522063413
