distance_normalized,displacement_normalized,variance_normalized,velocity_normalized,efficiency_normalized,amplify_normalized
1.9102455471047333,0.569301807794606,-0.1830017646031253,0.7682750271965344,-2.10214682390862,0.0634780880332381
2.151762019693241,0.22291711585302335,-0.17498239748383027,0.5965428402886607,-2.522131560675789,0.08332132951278375
1.9034366608807314,-0.5963637750270732,-0.17992171372095,1.7083633081184888,-3.209611628821943,-0.36854287087236126
1.690720643034951,0.6771969706472114,-0.1185734469334911,0.8117915306008233,-1.863375409008249,-0.2318819569434419
1.2539860899336057,-0.4524649347297163,-0.1962821214857368,1.4610672722637983,-2.9258280155812586,-0.298945856508784
1.991116706587644,0.12884343049862762,-0.17764594292904032,1.475604226203946,-2.5504249968241743,0.25029866298217784
1.60091186006671,0.5647240617662915,-0.11449653117545848,0.987037369623639,-1.9212556254672561,0.6763766920703088
1.9961282864136196,0.8089067876827241,-0.16887014365285266,0.964392538048307,-1.9256286299961374,-0.48093908312227535
2.546671685838564,0.1280381040305023,-0.19105234110957756,1.8559943461365966,-2.714928765631585,0.23703055367420955
