distance_normalized,displacement_normalized,variance_normalized,velocity_normalized,efficiency_normalized,amplify_normalized
-0.5460994213373265,-0.5824431029361755,17.31626866192694,-0.4117517402136705,1.6514568679672375,0.1775238094280407
