distance_normalized,displacement_normalized,variance_normalized,velocity_normalized,efficiency_normalized,amplify_normalized
0.4509901449657516,1.3934661150243457,3.5370038579846614,1.1845445992798203,1.050174457664427,0.2834073156875537
-0.09485971277774526,0.22006366544934006,3.950960360152768,0.952154724910855,0.7912052371162391,-1.1756679763192222
0.1763706071260229,0.04211350351640819,3.443695736835327,0.030260748820194968,-1.0170773827026662,1.1995232127823463
0.20404206195546562,0.27263154367983033,4.875784974275582,0.7403933931381891,-0.5144731533133201,-0.06803418432479583
0.3995686778393936,0.9957913381838096,3.800278079217538,-0.04178707062576374,0.4415967830196067,-0.532056154249767
-0.6048014840123824,-0.7688906720973251,4.079286043581728,-0.542435131314351,0.4475799993168738,-0.17983110328406338
0.25877100064246794,0.21537436455979408,5.113766146041312,0.2772267202656791,-0.8246270517433191,0.02200373490620142
-0.3437188532994298,-0.2689897564684936,3.3863010194013974,0.31543480296241355,0.704201538984547,-0.2496213032228182
-0.12047667635757586,0.0708929517203673,4.21592173700149,0.10449111875494003,0.39831620872953305,-0.17503413868796486
