distance_normalized,displacement_normalized,variance_normalized,velocity_normalized,efficiency_normalized,amplify_normalized
-0.7582694950310406,-0.7900189312241536,-0.19453924251616542,-0.5815135630152755,14.865627514703982,-0.022178075286378565
