distance_normalized,displacement_normalized,variance_normalized,velocity_normalized,efficiency_normalized,amplify_normalized
0.46397658795890717,0.8663882596970969,6.332211497298309,0.8524482915664606,0.1730178750085271,0.9511093244185707
