distance_normalized,displacement_normalized,variance_normalized,velocity_normalized,efficiency_normalized,amplify_normalized
0.8342005860639057,1.3900403800243366,0.8242143254270895,10.638429570431102,-0.10786207948746368,-0.8147312819942968
