distance_normalized,displacement_normalized,variance_normalized,velocity_normalized,efficiency_normalized,amplify_normalized
-0.7203192861723292,-0.8525973588450225,-0.18279330077231173,-0.5642191655215602,0.05197338650459442,4.626829165835268
-0.5265430272990445,-0.5530140243290286,-0.11458141028819756,-0.45418379538949755,0.33576740061832605,5.772787878403777
-0.7079141984778516,-0.8281770540390045,-0.2597012536254442,-0.5598971784204285,0.307492425539205,6.061621233713628
1.7252245922805662,0.4696061657520023,-0.18214974921467972,0.4311877422650445,-2.0983206916627575,6.910221885902055
-0.6344370770662607,-0.6931332019599596,-0.1967765648130182,-0.41514607523868313,0.7464791215179833,4.626829256705425
