distance_normalized,displacement_normalized,variance_normalized,velocity_normalized,efficiency_normalized,amplify_normalized
1.8855892495579918,0.6778163599901307,0.13238292283760394,0.4553827669359611,-1.9847918287025603,-3.540571067339516
0.3972637102351034,0.3939573797580249,-0.1375584988423703,-0.4310089956621654,-0.6440529181725024,-4.461264944057988
2.5129277931523832,0.7764679101784969,-0.16485231858234314,-0.1569437096276847,-2.2029470448273147,-1.9916913208771574
1.2855959162791186,0.9918084600275087,0.318282023167731,0.8048317657579968,-1.1463208869162194,-3.506721675489517
