distance_normalized,displacement_normalized,variance_normalized,velocity_normalized,efficiency_normalized,amplify_normalized
3.7670665621743593,1.9465864934537722,-0.19623435201945078,1.2665358898812444,-1.9114148662400936,-0.15450387224410345
3.102366708966346,2.000675643166388,-0.19635608788431858,1.9634143891536655,-1.598329199236392,-0.1254213216814565
3.802220091024975,2.005111860370872,-0.1312401742064947,1.212543721331993,-1.8911863876808872,-0.3364692690782218
2.228933580811989,2.501339151104785,-0.1673653620153454,2.3153326143562767,-0.6113439271957051,-0.017092745673751856
