distance_normalized,displacement_normalized,variance_normalized,velocity_normalized,efficiency_normalized,amplify_normalized
-0.648270694898443,-0.9304425854305199,-0.19814779297001667,-0.587139323299237,-3.0392926317394373,-5.07216320803741
