distance_normalized,displacement_normalized,variance_normalized,velocity_normalized,efficiency_normalized,amplify_normalized
4.6446799067265285,-0.16912052832838922,0.5499322174655304,3.7083048140589034,-3.170813645919774,0.0882552333983843
5.096797915863001,-0.3840200290123058,-0.1945461313852472,1.8956152488007065,-3.292050696601266,-0.15515983565675798
4.177352921563768,-0.4937616110784741,-0.1964401367057888,1.6797255017825432,-3.3042757263487115,0.1947603872360226
