distance_normalized,displacement_normalized,variance_normalized,velocity_normalized,efficiency_normalized,amplify_normalized
0.45386415306744426,0.4963015611799884,2.4265467874993085,7.566225866436769,-0.7335700555571154,1.1582689261776837
