distance_normalized,displacement_normalized,variance_normalized,velocity_normalized,efficiency_normalized
0.16887760221874565,0.41010716258009183,38.74741402069954,1.89324461985479,0.09574096767091937
