distance_normalized,displacement_normalized,variance_normalized,velocity_normalized,efficiency_normalized,amplify_normalized
1.3340862100844328,-0.8678579585774364,-0.1962058193227063,17.46178445795705,-3.451453394877235,-0.14845274749214513
