distance_normalized,displacement_normalized,variance_normalized,velocity_normalized,efficiency_normalized,amplify_normalized
4.026777899387374,-0.1910404721400166,0.537700521545647,3.496563872387003,-3.214056596781233,0.09054152157769758
5.180668105000925,-0.6873069301628397,-0.19871384811917261,1.3053973928909142,-3.4782984663186287,0.8925959400921026
4.421195664706497,-0.4025279932269959,-0.19711179650811067,1.7777011657221264,-3.336442724212402,-0.2204958748960719
3.6190921593009167,-0.5105271978667218,-0.19898121076594866,1.5729861157692797,-3.348783621983425,0.22663451651546304
5.487418546514534,-0.43025939732243745,-0.1988201506613258,1.0968322472828305,-3.388270510470343,0.5098137187098061
