distance_normalized,displacement_normalized,variance_normalized,velocity_normalized,efficiency_normalized
-0.25814690845581356,-0.1415227481702132,10.628279725484923,1.1619611563866792,0.36256074659764903
-0.0992472069735316,0.017408635692605073,9.225566337959652,0.6598590744208855,0.04963701638503288
-0.5971737116027164,-0.5668377529294225,17.54921271172296,-0.4133524312967615,1.6490177753248392
-0.1964437710788223,0.09626909559281606,8.103150976749331,0.7012268560473681,0.994334457806077
-0.06732226161670617,0.327976993181148,7.225892090892888,0.5157624823920898,1.0054842334909133
-0.3848722528477049,-0.3357628957900569,10.370684297646608,-0.22473888173600065,0.35478257558413323
