distance_normalized,displacement_normalized,variance_normalized,velocity_normalized,efficiency_normalized,amplify_normalized
-0.10672978676903173,-0.3907723271314788,-0.06191682020297836,-0.4712792342041438,-1.4610446803300934,-12.495909598420305
-0.5572831773986447,-0.7399639902583846,-0.15740207701912587,-0.5623461661742303,-0.4048374914949128,-12.392978397982498
-0.09694797396473548,-0.7569943360715026,-0.1968305140356308,-0.38058778501046997,-2.8749290703526205,-11.584574764918795
0.648411417168571,0.05394126264494203,-0.16670879134723995,0.5007945169520039,-1.890855556512773,-10.43212658599985
