distance_normalized,displacement_normalized,variance_normalized,velocity_normalized,efficiency_normalized,amplify_normalized
4.968826162031224,0.2298297464534105,4.655137908793182,1.438705310055937,-3.01370116122117,-0.16184562115214693
