distance_normalized,displacement_normalized,variance_normalized,velocity_normalized,efficiency_normalized,amplify_normalized
-0.28123050542055783,0.527750583843591,-0.18904018826747238,0.799312679389231,3.9854522356194235,0.3094489175074904
-0.7141840523843143,-0.7146032131331773,-0.19513695066931125,-0.47341534309844496,5.2148154310237755,0.5151135040143331
-0.7315942140997866,-0.7841875600737254,-0.1958326944808318,-0.5200509511372919,4.666154321119142,0.7866507300070007
-0.6311415771076856,-0.45564112745364316,-0.19526906564697522,-0.410480111004955,4.7773580636443445,-0.23487034487644934
-0.733899979589618,-0.8054064971609968,-0.19132643727856313,-0.488276663452279,3.8693242704801194,0.6117968961992909
0.3680383358057337,2.70050636553573,-0.1967491944737104,2.6029735450958853,4.57300231342175,0.638114673039145
-0.36719450642658386,0.34144340686714797,-0.1934373988717698,-0.2092105130976863,4.398876685527354,0.17769898422732944
-0.7564140467543475,-0.8559589989757291,-0.19388716579584372,-0.577647107152807,5.582218952327137,-0.1775499442515876
