distance_normalized,displacement_normalized,variance_normalized,velocity_normalized,efficiency_normalized,amplify_normalized
-0.5675838743763073,-0.8100511773217157,-0.1378083218255448,-0.49433798240678684,-1.3399953500642168,3.5091934572019983
0.7910385470946077,0.517040305851662,-0.13930820409964692,0.2856707478837107,-1.3432952885558438,5.548247844054752
0.9047596017762423,-0.40428543994710275,-0.1907808115459411,-0.1720939058842325,-2.811159901440461,3.527520005367237
