distance_normalized,displacement_normalized,variance_normalized,velocity_normalized,efficiency_normalized,amplify_normalized
0.4509901449657516,1.3934661150243457,3.5370038579846614,1.1845445992798203,1.050174457664427,0.2834073156875537
-0.09485971277774526,0.22006366544934006,3.950960360152768,0.952154724910855,0.7912052371162391,-1.1756679763192222
0.3995686778393936,0.9957913381838096,3.800278079217538,-0.04178707062576374,0.4415967830196067,-0.532056154249767
-0.3437188532994298,-0.2689897564684936,3.3863010194013974,0.31543480296241355,0.704201538984547,-0.2496213032228182
-0.12047667635757586,0.0708929517203673,4.21592173700149,0.10449111875494003,0.39831620872953305,-0.17503413868796486
