distance_normalized,displacement_normalized,variance_normalized,velocity_normalized,efficiency_normalized,amplify_normalized
5.52528267543014,-0.6452464933394667,-0.19562025343213715,1.4456097950469564,-3.4142401175246477,-3.035955595547794
