distance_normalized,displacement_normalized,variance_normalized,velocity_normalized,efficiency_normalized,amplify_normalized
3.9380345183703342,4.420446529031523,-0.1745513350493552,12.252538209321594,-0.6293486654319103,0.0339100723746326
