distance_normalized,displacement_normalized,variance_normalized,velocity_normalized,efficiency_normalized,amplify_normalized
2.768350032558937,0.0758151372444751,-0.19203192367162916,0.6536653218128795,-2.906408452597425,0.18668584423916304
3.7412487130709726,0.4338471646794982,0.08082735163700257,0.00046741374311430134,-2.869145002349241,0.2559502358435203
4.240584552875796,1.809761302477701,0.048047480029728515,0.15904872191158095,-2.3042288709024326,0.003059914461056938
2.9178158697895045,-0.09405394092031587,0.692823937640909,0.712586528355936,-3.0413991281945427,0.07468849169621603
3.1237551426188817,0.4351935843174008,0.5670205720426399,1.0156147341082227,-2.754004209016425,0.07302747261654895
3.46698938789661,0.4633241076676122,-0.10236630932709935,-0.03277160859869087,-2.8063766113141937,-0.11797363062327265
4.0582429382443035,1.2116985726797516,0.6740454267234287,1.1126431460882982,-2.542715214868304,0.1147276210550076
