distance_normalized,displacement_normalized,variance_normalized,velocity_normalized,efficiency_normalized,amplify_normalized
1.7252245922805662,0.4696061657520023,-0.18214974921467972,0.4311877422650445,-2.0983206916627575,6.910221885902055
