distance_normalized,displacement_normalized,variance_normalized,velocity_normalized,efficiency_normalized,amplify_normalized
-0.08095939679588968,0.3078431348535653,7.1362092986014956,0.4461785190909707,1.0116343051983734,0.06796617636098774
-0.1928703564979161,0.07944274315059677,8.003744137584622,0.6134491941335609,1.0003199089216905,0.19455698087493165
-0.35618328799782517,-0.34642222341768447,10.246142802504394,-0.22168108438139394,0.35132537849373374,0.09067188172333925
-0.5401871777787473,-0.5741986109843563,17.345100239409327,-0.3917920072255217,1.6646692823547875,0.14664329067458912
-0.10862908009033197,0.0017079739927264798,9.113717995198108,0.5761395123801388,0.04167450510943593,-0.20793720755832185
-0.24634910956741185,-0.15495474966055006,10.500882893047145,1.0289863450921422,0.3592183901239508,-0.08958204086351829
-0.36758487086923647,-0.3269450880097129,6.298883895986793,-0.029802682863833467,0.6225591374508272,0.2615118834596286
