distance_normalized,displacement_normalized,variance_normalized,velocity_normalized,efficiency_normalized,amplify_normalized
0.1237574900607408,0.3888009401618577,38.30832837629061,1.6885323062434416,0.08845915706246348,0.1791795363483078
