distance_normalized,displacement_normalized,variance_normalized,velocity_normalized,efficiency_normalized,amplify_normalized
1.7507638841802484,0.7476372916015358,-0.19364955742093162,3.7627332615937537,-2.0020611208285626,0.26512104140690923
1.019009931199676,1.021045422170656,-0.19371862459701772,3.029414264683225,-0.9698827017920943,-0.23027707188018662
2.163607386330539,1.3693644961209346,-0.1393899626732784,2.4190785725387047,-1.7330133933934886,0.22835493896648684
2.0324573153454084,1.9826673271298327,0.3755965107350175,2.7475037366058617,-1.1319551859287273,0.09070624896418601
1.9709976812360415,1.7776654185573382,-0.1932251276976518,1.601308524214384,-1.2510505923612634,0.08423694633103787
2.360027359831087,1.6162068771026097,-0.10664314478287361,3.4660161094312056,-1.6670085077367538,0.09028291500486842
