distance_normalized,displacement_normalized,variance_normalized,velocity_normalized,efficiency_normalized,amplify_normalized
-0.0992472069735316,0.017408635692605073,9.225566337959652,0.6598590744208855,0.04963701638503288,-0.1867825818215917
-0.1964437710788223,0.09626909559281606,8.103150976749331,0.7012268560473681,0.994334457806077,0.2026904113856314
-0.06732226161670617,0.327976993181148,7.225892090892888,0.5157624823920898,1.0054842334909133,0.08019497924417497
