distance_normalized,displacement_normalized,variance_normalized,velocity_normalized,efficiency_normalized,amplify_normalized
-0.19651147207651723,0.07013553574589663,7.992851089515935,0.6451356647535751,0.9905685052553346,0.23676755419075046
-0.37236845637092875,-0.33559157432431563,6.291264750042893,-0.031164516835617845,0.6147757255255499,0.31955514877497077
-0.08386871910600424,0.2981645852377714,7.126982207708284,0.46927113648526675,1.0018239577768437,0.08024207513515125
