distance_normalized,displacement_normalized,variance_normalized,velocity_normalized,efficiency_normalized,amplify_normalized
-0.7656676727420122,-0.9243616831062834,-0.19168817306638603,-0.5397994578533937,-1.613108119005964,-2.693074615959336
-0.6959231586071398,-0.9163953636965966,-0.1810453926099117,-0.2582404006143632,-2.990797444443862,-1.8297346398314864
-0.7142918458632633,-0.920451595684423,-0.19559575578106278,-0.5983138249568348,-2.997690530320033,-3.952031055380881
