distance_normalized,displacement_normalized,variance_normalized,velocity_normalized,efficiency_normalized,amplify_normalized
2.734096758775219,1.6672835817980094,-0.10288741690213862,3.676089552806655,-1.6382907079448215,0.0880528502203582
2.0357027870230815,0.7847011519975733,-0.19103834854652632,3.9890034833216674,-1.9701975301230432,0.22487959547384576
5.032581968795922,1.747077835358805,-0.16480114507916643,5.633999530990666,-2.351954400442716,0.07911534037939434
2.5089420746248883,1.4164588326688419,-0.13606500023081403,2.5720032629339644,-1.7036758772900336,0.1961067743729638
3.179555582830157,2.201358839361476,-0.15311785518267448,3.9256964267263403,-1.5064161645611984,-0.14374526762732395
2.358605770822932,2.039656227363536,0.38569582220472437,2.918356037686915,-1.108260972917678,0.08838414756951593
