distance_normalized,displacement_normalized,variance_normalized,velocity_normalized,efficiency_normalized,amplify_normalized
4.616965962193057,0.8155369418977966,-0.19864802072904436,1.2616228520567117,-2.8217130155269965,-0.20947224808357567
6.266404158101611,1.1926018660059312,-0.19872906425674888,1.295800342176223,-2.8769194740060717,-0.364866702565815
4.163855526536458,1.7067120482797553,-0.10488339768961964,1.948311276521566,-2.332574313394317,0.1966073429884711
6.063158220669129,1.7234682832717232,0.14543488446907696,1.5310414289212857,-2.6764293434854896,0.16331079046305672
