distance_normalized,displacement_normalized,variance_normalized,velocity_normalized,efficiency_normalized,amplify_normalized
-0.320162894248538,-0.9193553810431724,-0.18551156028940058,2.536614805815923,-3.433572121917871,0.46619249899796034
-0.1763305008621877,-0.8930379285483414,-0.19931327081539574,1.5979377076786703,-3.3588428295395962,1.3064947759780778
0.032929954452793106,-0.6439899155161918,-0.19931000954141653,2.5362048932123296,-2.6480872578289163,-0.2324180767176144
0.04238475815698624,-0.7227618687226072,-0.19124455109450847,3.637539548263759,-2.9012484628868656,0.4548151325033571
0.1752937921417042,-0.6130633216353899,-0.196143186029014,2.6660327320427593,-2.7181755850789804,0.3284656091560014
-0.4035098607616083,-0.9304425854305199,-0.19931327081539574,1.377947553782044,-3.477924653682706,0.3898013976315089
0.23418207324852122,-0.5788051257318065,0.8074974795443225,2.0242165560649714,-2.6886174360288213,0.037991709988557894
