distance_normalized,displacement_normalized,variance_normalized,velocity_normalized,efficiency_normalized,amplify_normalized
0.9355771160358358,0.5503838890112464,-0.13598216617046135,0.32213997414584045,-1.317616814719648,4.359407115549871
1.0659346743419644,-0.3858058290476385,-0.1881318659797368,-0.16061249236105168,-2.7716997259217204,2.7780036831261077
