distance_normalized,displacement_normalized,variance_normalized,velocity_normalized,efficiency_normalized,amplify_normalized
11.167958045934443,0.5250227179365973,0.08960124493499005,1.7294450246938156,-3.2191061708394577,0.05333369068375588
