distance_normalized,displacement_normalized,variance_normalized,velocity_normalized,efficiency_normalized,amplify_normalized
2.7804759797294025,4.48382984765112,-0.18995801218321864,0.8605781174359594,0.3600902168442606,0.02553492238704811
2.947137931614216,4.819707493460938,-0.18959796881782606,1.2033808544521456,0.41646309841406626,0.2625125310938805
3.4703869769122657,5.030340243466486,0.06229719678685078,0.7281367540028402,0.056998919803054084,0.18467584633943168
2.8627821223175665,4.6662787278319,-0.19462804504617665,0.9048826247636759,0.40021156936712976,-0.12676956371131073
2.353441162561298,4.2807982242168645,-0.17596764897912034,1.346992334369502,0.7249930001401315,0.13046339261064627
2.9997186319523284,4.878343125423896,-0.10809149631839934,4.2876255545704485,0.40119221113728665,0.062165850062225976
2.565546094608679,4.153255371741982,-0.1929280072812635,0.8985096685144592,0.3575099036715639,0.0803078233975607
3.4704922059408525,5.503484833273826,-0.19618336131249509,2.5943999832457787,0.34156447352894825,0.2587455843971596
3.0818327112749486,4.896215307317488,-0.17705389334146063,0.9245275156464399,0.32937368188093874,-0.022347878633499366
