distance_normalized,displacement_normalized,variance_normalized,velocity_normalized,efficiency_normalized,amplify_normalized
-0.7497244683373198,-0.8541484669537287,3.464758409217515,-0.5962877879951523,3.607048440444421,0.0556129175802767
