distance_normalized,displacement_normalized,variance_normalized,velocity_normalized,efficiency_normalized,amplify_normalized
-0.6791813321506631,-0.8651921577145896,3.414681690966321,-0.5852181562982759,3.6280456182579357,0.0488309530153268
