distance_normalized,displacement_normalized,variance_normalized,velocity_normalized,efficiency_normalized,amplify_normalized
2.2200527393119627,3.872160310106959,-0.19837649668018004,3.020872997248119,0.1891679965570716,0.32397985525260503
1.863014589652745,2.7821366010536632,-0.1958377569530641,4.810389735477432,-0.2581482805273334,0.35617463417559875
1.7240256926027198,2.5718175698813894,-0.08156406254606671,4.17224271966898,-0.2662481366232045,0.08891706337896067
2.5917500152468564,4.7762841261557565,-0.11177965636188913,4.045898317262532,0.3918044955935758,0.057204333785734945
