distance_normalized,displacement_normalized,variance_normalized,velocity_normalized,efficiency_normalized,amplify_normalized
-0.6866358247057525,-0.8020808126591389,-0.19710499708155035,-0.5712086618848352,14.993332760520659,-0.050570895786699446
