distance_normalized,displacement_normalized,variance_normalized,velocity_normalized,efficiency_normalized
0.8000528124261035,-0.7975280947657083,-0.13755893491046378,10.812337169445952,-3.3105500544095983
3.057372778128852,0.9058188501793899,-0.1918191445136802,10.324918731226266,-2.305290360602119
0.9850534247748217,1.4374682856342125,0.8402149446271714,11.240020626567969,-0.09378302141934043
3.9380345183703342,4.420446529031523,-0.1745513350493552,12.252538209321594,-0.6293486654319103
1.3340862100844328,-0.8678579585774364,-0.1962058193227063,17.46178445795705,-3.451453394877235
