distance_normalized,displacement_normalized,variance_normalized,velocity_normalized,efficiency_normalized,amplify_normalized
-0.7286771734534072,-0.7136297149783374,-0.1959204466090127,-0.5625290756502636,7.82215998773696,-0.3029687988287643
-0.7369588413743448,-0.7415447501100711,-0.1626923562754645,-0.3679550070444374,8.371237577722445,0.6317307073914743
