distance_normalized,displacement_normalized,variance_normalized,velocity_normalized,efficiency_normalized,amplify_normalized
-0.25033992629778146,-0.1638808645346887,10.485194503003838,1.082021837495334,0.35280688458749976,-0.11456125414383359
-0.36089231778470987,-0.3550370430504823,10.230943598673157,-0.23290104094046063,0.3449549925834419,0.10831695326538608
-0.11171933631460419,-0.007472849210778911,9.100693425915992,0.6059091262121624,0.036917283951707965,-0.26090363056477534
