distance_normalized,displacement_normalized,variance_normalized,velocity_normalized,efficiency_normalized,amplify_normalized
11.017916707137244,3.337405041660605,1.1360790010425044,2.7585588805845513,-2.7425404995947575,0.17924007494208263
9.717541669526948,0.49208179647695066,0.0833463156520021,1.6201321000366868,-3.262806835058809,0.045918541706451634
