distance_normalized,displacement_normalized,variance_normalized,velocity_normalized,efficiency_normalized,amplify_normalized
1.0267975477858073,-0.38125312744992834,-0.10470967624757727,7.266370018297083,-2.834783574778321,0.16058016711143588
0.523456041195136,-0.00753738642301204,-0.19072992670897945,7.498447434913024,-1.8336815385979006,-0.29477504164297397
0.48268248783164275,-0.580227442206359,-0.16489207286262153,6.984363450517328,-2.877573680606392,-0.3800069694753416
1.2160480762652957,-0.7096665520980652,-0.11342828657267266,8.325677667214128,-3.299256501591222,0.3874494314081749
