distance_normalized,displacement_normalized,variance_normalized,velocity_normalized,efficiency_normalized,amplify_normalized
0.2508815833032303,-0.21433121848434242,-0.01612314341092572,6.063808328149471,-1.7442405635908043,-0.3479625380925002
0.1209180522542719,0.07545249955316762,-0.194565484376689,4.672525587305737,-0.6621556131970614,0.33044952927647125
0.24396473588306114,0.17146002747068442,-0.17941721251140882,5.396614121579031,-0.7674413590407895,-0.17119464764957892
0.6288493758461062,0.017343057285835968,-0.18808031178219276,7.928637564918653,-1.8033988547085584,-0.21329004349683156
0.5821109695341923,-0.5645863464063553,-0.16190257592124196,7.386491487418049,-2.8374899496970243,-0.27999178365484595
