distance_normalized,displacement_normalized,variance_normalized,velocity_normalized,efficiency_normalized,amplify_normalized
-0.6653763976798884,-0.8172240687634513,-0.19393390571570732,-0.4827978095163735,3.892807281267976,0.7595265452873546
-0.6850171726101275,-0.8669739437492843,-0.19646138668354735,-0.5675423381433973,5.621936665646033,-0.24910610478501582
-0.5757322369615464,-0.4730119567479897,-0.19782534445947939,-0.40902809446328536,4.809447358680955,-0.32235049447870223
-0.6481766582482236,-0.727862477021802,-0.19769494481369154,-0.46870572788387044,5.251050918061962,0.6359838628059784
-0.34547064225222285,0.31141719140633034,-0.19601745936642276,-0.21817643819584168,4.427378759088886,0.20483334211565013
-0.6633648987935994,-0.7963420267372668,-0.1983816553455749,-0.5129274241946764,4.697189634437338,0.9829559387185672
