distance_normalized,displacement_normalized,variance_normalized,velocity_normalized,efficiency_normalized,amplify_normalized
4.6446799067265285,-0.16912052832838922,0.5499322174655304,3.7083048140589034,-3.170813645919774,0.0882552333983843
5.032581968795922,1.747077835358805,-0.16480114507916643,5.633999530990666,-2.351954400442716,0.07911534037939434
6.808279626379163,2.3275045940276313,0.25649712699857774,4.307492273282762,-2.4324161285947614,0.14255658024819876
