distance_normalized,displacement_normalized,variance_normalized,velocity_normalized,efficiency_normalized,amplify_normalized
3.002442483300705,5.391500400276941,-0.19872776924913813,2.4403160133191935,0.3316116102310121,0.3083952276132317
3.368969725775933,6.415200864976978,-0.1752836782484212,1.1412425471275909,0.554697079847041,0.23644917720250982
