distance_normalized,displacement_normalized,variance_normalized,velocity_normalized,efficiency_normalized,amplify_normalized
-0.12064458209094045,0.05780971564461313,0.8442035017014511,-0.30873046396891823,0.3481660697590773,2.6570991153808214
0.7324265847835695,1.0775631359050957,1.1139287874166486,0.02308055815782253,-0.35957981008531037,1.9698581795733503
0.5512450890350291,0.8827788900228746,0.2252103593037943,-0.27196794535560326,-0.2499984196224962,2.980903174218914
0.1593589598738674,0.5690495998129967,0.2642384019656023,-0.42962199685956676,0.4293302597199672,2.5377398677108443
0.5204861274152431,1.1169625184358651,0.21999246800810499,-0.04704968411508336,0.2710318005106205,1.5539686347303607
