distance_normalized,displacement_normalized,variance_normalized,velocity_normalized,efficiency_normalized,amplify_normalized
-0.08233600939124326,-0.38367976254558656,-0.18639366457983297,1.9507790677225176,-1.510610984811174,0.11137737228276286
-0.5352645687901727,-0.7040439793881462,-0.19643827178161657,1.789443752090646,-1.114241092425636,0.33290748563631795
-0.051674326349576374,-0.19522642864502468,0.15225240012514846,2.173492532732794,-0.9328901142946193,0.36827277609156966
-0.31918307232924914,-0.42082921404483953,0.019474951337359526,1.5423900582120054,-0.674946240551234,-0.015579053908979141
-0.35112711580797235,-0.48629188483645225,-0.17088960330982272,1.443564187940265,-0.8530919627854923,1.6658433863496462
-0.3426641591001764,-0.4724092911355828,0.38683696143633767,1.3341993722086778,-0.823658624218993,-0.3851741958654684
-0.6049102742197603,-0.7558420971705397,-0.19640422936136487,0.9355702967481859,-0.9069493699263441,-0.1717527895301542
