distance_normalized,displacement_normalized,variance_normalized,velocity_normalized,efficiency_normalized,amplify_normalized
0.29725688183861004,-0.563141083354309,0.8232781983111075,2.155587074367313,-2.650307805108624,0.04713022347410697
0.22975370435384013,-0.5979519750616455,-0.1935647793958475,2.832437808575303,-2.6795884342915404,0.2744524844824307
-0.025502676688859124,-0.48224804135477883,-0.19631206432475756,2.8385265081373525,-1.9978862360010663,0.32832243904133007
-0.33818443221277206,-0.9091855187330479,-0.18279330077231173,2.6959553987126057,-3.3882681516302573,0.38223630977707695
0.05140467570952749,-0.4031209084338773,-0.1948044104269048,2.4445950064433366,-1.8962379097716162,-0.1630415258816976
-0.433724410076002,-0.920451595684423,-0.1967765648130182,1.4740404492379968,-3.4322042598664617,0.32245332089817763
0.06656314721232652,-0.6293775152007502,-0.19677326063886713,2.695523110376649,-2.6101581625658827,-0.1644900435757432
0.07740111497997335,-0.7094203154801739,-0.18860170575369253,3.8569758717449782,-2.860942450723542,0.3733324850847845
