distance_normalized,displacement_normalized,variance_normalized,velocity_normalized,efficiency_normalized
-0.7286771734534072,-0.7136297149783374,-0.1959204466090127,-0.5625290756502636,7.82215998773696
-0.7141840523843143,-0.7146032131331773,-0.19513695066931125,-0.47341534309844496,5.2148154310237755
-0.7315942140997866,-0.7841875600737254,-0.1958326944808318,-0.5200509511372919,4.666154321119142
-0.6311415771076856,-0.45564112745364316,-0.19526906564697522,-0.410480111004955,4.7773580636443445
-0.7369588413743448,-0.7415447501100711,-0.1626923562754645,-0.3679550070444374,8.371237577722445
-0.7582694950310406,-0.7900189312241536,-0.19453924251616542,-0.5815135630152755,14.865627514703982
-0.36719450642658386,0.34144340686714797,-0.1934373988717698,-0.2092105130976863,4.398876685527354
-0.7564140467543475,-0.8559589989757291,-0.19388716579584372,-0.577647107152807,5.582218952327137
