distance_normalized,displacement_normalized,variance_normalized,velocity_normalized,efficiency_normalized,amplify_normalized
-0.6930898315385445,-0.934290592026398,-0.19429094486020823,-0.5316537259052471,-1.6415872398851081,-3.4634602846253153
-0.5022232815259184,-0.6152639994939864,0.8132215113139956,-0.2733535802833597,0.14275211007209332,-3.522646426595364
-0.6653283197669462,-0.8811235606111811,-0.18378634631838195,-0.544586092840681,0.11022007810423132,-2.971407627786562
-0.6676882035809254,-0.8848259538446116,-0.18378634631838195,-0.52815392424914,0.11667546399862036,-4.193665457433602
-0.6586535583107408,-0.8818183201665514,-0.1926651578607447,-0.5912406359189087,-0.46688489759515944,-4.0018640795822815
-0.648270694898443,-0.9304425854305199,-0.19814779297001667,-0.587139323299237,-3.0392926317394373,-5.07216320803741
-0.6710255819491444,-0.8894114851008972,-0.19931327081539574,-0.5667490742699228,0.17241151920307374,-3.8881010000218423
-0.4042646460006714,-0.43196028389586966,-0.028356658532031367,-0.44588873115619004,0.3255818924150869,-4.242432381608305
