id,user_id,time,distance,startX,startY,endX,endY,duration,gradient,variance,velocity,displacement,efficiency,finalGradient,implify,distance_normalized,duration_normalized,gradient_normalized,variance_normalized,velocity_normalized,displacement_normalized,efficiency_normalized,finalGradient_normalized,implify_normalized
3984,62,1681748381936,1059.7782,70,125,348,573,1062,3.453721,7.3980527,997.9079096045195,527.2456732871309,0.4975056792894314,1.6115107913669064,0.4666013240116693,1.1660426531544559,1.7458658025769582,1.5733107260628667,1.7841916460964224,-0.5779035792234053,0.31306373924992825,-1.5750839614621057,0.9488951634711545,-1.3441057482382717
3987,63,1681748525709,638.5069,67,120,365,650,195,1.778746,0.00062842295,3274.3943589743585,608.0328938470352,0.9522730198327304,1.778523489932886,0.9998749062164504,0.1294763440942516,-0.45295123814678206,0.3820916431302709,-0.5072422242859244,1.1742598723386128,0.6139064121155761,0.752352569463515,1.15662813606518,0.8785136907770712
3992,68,1681749308710,395.0,626,133,1017,133,245,0.0,0.0,1612.2448979591836,391.0,0.9898734177215188,0.0,,-0.46968872735422407,-0.326145180434917,-0.8829279415739922,-0.5074368852352799,-0.10506139813522433,-0.1943000768834289,0.9447862203038674,-1.0555268351695486,0.0
3995,75,1681749775245,5.4142137,872,637,876,638,67,0.33333334,0.22222222,80.80915970149253,4.123105625617661,0.7615335954725356,0.25,0.7499999850000003,-1.4282907032479262,-0.7775747458891566,-0.6458658746263307,-0.4386010982655722,-1.2837750819938754,-1.6349868360874638,-0.223825499113892,-0.7445729760054216,-0.16293459346371894
3998,85,1681750371453,830.73254,631,595,44,241,299,0.6416314,0.5698762,2778.369698996655,685.4815825388746,0.8251531624593333,0.6030664395229983,0.9398954594849914,0.6024604333534429,-0.18919463810610274,-0.42660855299281486,-0.33091143830964603,0.7924801870138916,0.902316761605387,0.1017706708086151,-0.30542348836136496,0.6285266509249202
