distance,duration,gradient,variance,velocity,displacement,efficiency,finalGradient,implify
350.1235,71,15.671817,618.9016,4931.316901408451,318.3410121237916,0.9092249224167802,6.8478260869565215,0.436951636619833
