distance,duration,gradient,variance,velocity,displacement,efficiency,finalGradient,implify
10931.562,1711,2.9827116,40.70508,6388.990064289888,204.46271053666484,0.0187038879289771,-0.2575757575757575,-0.0863562395961304
